Gene,Protein Length,Molecular Weight,Isoelectric Point,Hydrophobicity
thrL,21,2138.4426,11.000256538391113,28.57142857142857
thrA,820,89119.2202,5.465035057067872,48.90243902439024
thrB,310,33623.290499999996,5.45281467437744,50.0
thrC,428,47113.2536,5.2375085830688475,49.532710280373834
yaaX,98,11322.7344,10.15868625640869,43.87755102040816
yaaA,258,29585.453800000003,6.8584997177124025,46.51162790697674
yaaJ,476,51662.291,8.928500556945803,59.03361344537815
talB,317,35218.8107,5.105698966979979,47.94952681388013
mog,195,21222.105,4.970820045471191,47.69230769230769
satP,188,20070.630299999997,7.883210182189941,60.63829787234043
yaaW,237,26664.5763,9.365015983581543,43.459915611814345
mbiA,161,17637.1282,9.150207328796387,38.50931677018634
yaaI,134,14481.418,7.685848045349122,41.7910447761194
dnaK,638,69114.1284,4.831337165832519,42.31974921630094
dnaJ,376,41099.875799999994,7.976882743835449,36.702127659574465
insL1,370,40908.3273,8.768103218078615,47.02702702702703
mokC,69,7742.206,9.255613136291505,49.275362318840585
hokC,50,5501.5109999999995,6.708046913146972,54.0
nhaA,388,41323.1165,9.27779026031494,63.144329896907216
nhaR,301,34284.0399,5.641917991638183,49.16943521594684
insB1,167,19564.3535,10.126387596130368,43.712574850299404
insA1,91,9836.214699999999,10.322113609313963,35.16483516483517
rpsT,87,9666.242999999999,11.182508659362792,44.827586206896555
yaaY,72,7890.2841,9.745895195007321,52.77777777777778
ribF,313,34733.8411,9.336198616027833,47.6038338658147
ileS,938,104295.6111,5.6570940017700195,47.12153518123667
lspA,164,18156.095699999998,8.619696998596194,59.14634146341463
fkpB,149,16080.815599999998,4.299835777282715,45.63758389261745
ispH,316,34774.1472,5.1960161209106435,45.88607594936709
rihC,304,32560.414299999997,5.2300626754760735,53.94736842105263
dapB,273,28756.2878,5.445993995666503,45.78754578754579
carA,382,41412.471900000004,5.918041801452636,45.54973821989529
carB,1073,117840.3704,5.221138954162597,46.97110904007455
caiF,131,15436.0077,8.96170177459717,45.80152671755725
caiE,196,21212.080700000002,6.307388877868653,45.91836734693878
caiD,261,28189.895399999998,4.921767997741698,52.490421455938694
caiC,517,58558.4533,5.610088157653809,46.22823984526112
caiB,405,45126.2532,5.129514503479004,49.382716049382715
caiA,380,42557.9488,5.08125820159912,45.78947368421053
caiT,504,56586.6199,8.5436243057251,60.51587301587301
fixA,256,27143.4365,4.4623384475708,48.4375
fixB,313,33512.766599999995,6.601985359191895,48.56230031948881
fixC,428,45702.306899999996,5.651466941833497,48.831775700934585
fixX,95,10478.8198,5.2674058914184565,44.21052631578947
yaaU,443,48666.290799999995,8.800337409973146,58.69074492099323
kefF,176,20169.7397,6.06394748687744,50.0
kefC,620,67795.04879999999,5.697677040100097,55.32258064516129
folA,159,17999.167,4.839180946350097,48.42767295597484
apaH,280,31296.347999999998,5.204769325256346,48.57142857142857
apaG,125,13866.589600000001,4.716408729553222,49.6
rsmA,273,30419.7966,7.8220296859741225,51.64835164835166
pdxA,329,35113.36,5.869103431701659,52.27963525835866
surA,428,47283.1738,6.477735328674316,44.626168224299064
lptD,784,89670.0456,4.936489295959471,43.23979591836735
djlA,271,30579.036,9.743896675109863,45.75645756457565
yabP,216,24790.5279,9.382551383972167,44.44444444444444
yabQ,52,5704.6078,6.401798439025879,46.15384615384615
rluA,219,24860.362,7.8304750442504885,50.2283105022831
rapA,968,109767.74699999999,5.040390968322753,45.24793388429752
polB,783,90019.38930000001,6.403958320617675,46.87100893997446
araD,231,25518.6105,5.728483772277833,46.320346320346324
araA,500,56073.3549,6.082420158386229,46.2
araB,566,61088.7214,5.231540489196777,50.0
araC,292,33383.5087,6.455397605895995,47.26027397260274
yabI,254,28243.788999999997,9.906034660339355,62.20472440944882
thiQ,232,24998.8635,9.13428363800049,48.275862068965516
thiP,536,59532.459899999994,9.39608974456787,61.940298507462686
thiB,327,36130.8935,6.9108484268188475,51.37614678899083
sgrR,551,63974.3712,6.4730745315551745,47.186932849364794
sgrT,43,5338.089,7.957929039001465,46.51162790697674
setA,392,42712.727,9.56112880706787,63.26530612244898
leuD,201,22487.205299999998,5.160662269592284,49.75124378109453
leuC,466,49881.2923,5.898318672180175,45.27896995708154
leuB,363,39516.559199999996,5.137699317932127,48.760330578512395
leuA,523,57297.241299999994,5.4746408462524405,45.506692160611856
leuL,28,3145.7286999999997,11.999967765808105,46.42857142857143
leuO,314,35694.3204,5.796349525451659,48.089171974522294
yabR,14,1725.9914999999999,10.277952766418455,35.714285714285715
ilvI,574,62983.630099999995,5.879391288757325,48.606271777003485
ilvH,163,17976.5416,8.007956504821777,43.558282208588956
cra,334,37966.8364,6.507632637023924,48.20359281437126
mraZ,152,17385.833199999997,5.363009071350096,45.39473684210527
rsmH,313,34877.3969,6.067471504211425,45.04792332268371
ftsL,121,13626.6728,6.2855627059936525,44.62809917355372
ftsI,588,63876.6545,9.64364833831787,47.95918367346938
murE,495,53310.9262,5.425872993469238,48.282828282828284
murF,452,47446.5803,5.253423500061035,49.336283185840706
mraY,360,39874.2484,9.647645378112792,62.22222222222222
murD,438,46973.0941,5.153386878967283,48.17351598173516
ftsW,414,45986.5464,9.788121986389157,59.42028985507246
murG,355,37814.2744,9.735451316833494,52.67605633802817
murC,491,53625.32979999999,5.528865242004394,48.472505091649694
ddlB,306,32839.329,4.772395133972168,49.34640522875817
ftsQ,276,31433.3553,6.355190467834471,44.20289855072464
ftsA,420,45329.4504,5.844548988342285,45.23809523809524
ftsZ,383,40323.462199999994,4.649338722229005,47.78067885117493
lpxC,305,33955.5271,5.5427339553833,49.18032786885246
secM,170,18847.2543,9.982429695129394,50.588235294117645
secA,901,102021.81999999999,5.431329536437987,43.84017758046615
mutT,129,14926.8881,5.011800956726074,48.06201550387597
yacG,65,7306.096300000001,4.487177085876465,35.38461538461539
zapD,247,28291.2873,6.310401344299317,46.558704453441294
coaE,206,22621.4247,5.774523353576659,50.970873786407765
yacM,14,1690.1300999999999,11.999967765808105,42.857142857142854
guaC,347,37383.2577,6.102939033508299,43.22766570605187
hofC,400,44449.986099999995,8.32430286407471,54.0
hofB,461,50614.744099999996,6.20036106109619,47.50542299349241
ppdD,146,15621.592800000002,4.613530158996581,45.89041095890411
nadC,297,32761.6613,5.07165241241455,43.77104377104377
ampD,183,20535.930800000002,5.262404060363769,47.540983606557376
ampE,284,32121.575399999998,9.72346019744873,58.098591549295776
aroP,457,49689.5407,8.74786014556885,61.925601750547045
pdhR,254,29425.110699999997,6.0358690261840815,43.7007874015748
aceE,887,99667.2782,5.456793403625488,44.53213077790304
aceF,630,66095.2674,5.090466117858886,50.95238095238095
lpd,474,50687.879199999996,5.789415168762207,47.46835443037975
yacH,617,69361.1336,8.56915378570557,42.463533225283626
acnB,865,93464.95000000001,5.239668464660644,49.13294797687861
yacL,120,13941.4012,4.44909496307373,44.166666666666664
speD,264,30366.2681,5.190957450866698,45.07575757575758
speE,288,32321.0159,5.329474067687988,46.52777777777778
yacC,115,12853.591499999999,5.286674308776854,49.56521739130435
cueO,516,56555.5463,6.279708290100097,48.837209302325576
gcd,796,86746.3046,5.39904499053955,52.01005025125628
hpt,178,20115.0133,5.090920829772949,46.06741573033708
can,220,25096.4793,6.164040946960449,44.09090909090909
yadG,308,34646.65,8.438476371765141,45.12987012987013
yadH,256,28515.8015,9.625726127624514,63.671875
yadI,146,16539.8992,5.946233940124511,45.89041095890411
yadE,409,46314.5173,9.815778923034667,48.655256723716384
panD,126,13833.5769,5.752128791809082,48.41269841269841
rpnC,300,34606.3969,5.219547462463377,47.66666666666667
panC,283,31565.242,5.925658226013183,48.409893992932865
panB,264,28237.117099999996,5.148441886901854,51.13636363636363
yadC,412,44898.669,5.549440956115721,42.23300970873786
yadK,198,21111.779,5.868932914733886,44.44444444444444
yadL,201,21046.705299999998,8.621437644958498,46.26865671641791
yadM,189,20306.771399999998,7.726885795593262,39.682539682539684
htrE,865,95466.22209999998,4.878172492980957,41.50289017341041
yadV,246,27053.529499999997,9.242074775695798,46.7479674796748
yadN,194,20117.3844,5.252911949157714,42.78350515463917
folK,159,18078.5667,5.341694450378417,51.57232704402516
pcnB,465,53852.2338,9.669435691833495,45.806451612903224
gluQ,308,34867.1365,6.421123695373535,48.701298701298704
dksA,151,17527.564599999998,5.062842369079589,37.74834437086093
sfsA,234,26228.4868,6.534517478942871,44.44444444444444
thpR,176,19933.6789,10.479351997375485,51.13636363636363
hrpB,809,89114.6791,6.116353034973144,49.81458590852905
mrcB,844,94291.4317,9.09972858428955,46.56398104265403
mrcB,844,94291.4317,9.09972858428955,46.56398104265403
fhuA,747,82181.24900000001,5.465432929992676,43.90896921017403
fhuC,265,28886.0953,6.79876194000244,50.943396226415096
fhuD,296,32997.955,5.9763586044311525,56.08108108108109
fhuB,660,70390.1381,10.851012229919434,63.33333333333333
hemL,426,45365.629499999995,4.733005714416504,52.347417840375584
yadX,15,1806.0249,5.8228364944458,46.666666666666664
clcA,473,50348.1235,9.439090156555174,57.71670190274841
yadW,21,2329.7744,4.85339069366455,66.66666666666666
erpA,114,12100.354,4.108629417419433,41.228070175438596
yadS,207,22127.4203,8.661214637756348,61.83574879227053
btuF,266,29366.459199999998,8.829283714294434,52.63157894736842
mtn,232,24353.6853,5.0916597366333,50.0
dgt,505,59382.218499999995,7.045954704284667,46.33663366336634
degP,474,49353.663700000005,8.647869682312013,43.88185654008439
cdaR,385,43686.835399999996,6.287552070617676,46.23376623376623
yaeH,128,15095.9771,6.613978385925294,38.28125
yaeI,270,29863.050299999995,6.132950019836425,50.74074074074074
dapD,274,29891.734300000004,5.5625707626342775,46.715328467153284
glnD,890,102388.8966,6.224347114562988,46.29213483146067
map,264,29330.4873,5.640610694885253,43.56060606060606
rpsB,241,26743.3269,6.612500572204591,45.22821576763486
tsf,283,30422.6322,5.2154550552368155,46.28975265017668
pyrH,241,25969.9802,6.850996971130371,50.20746887966805
frr,185,20606.2692,6.624323081970215,42.7027027027027
dxr,398,43387.5375,5.674657249450684,49.246231155778894
ispU,253,28411.7334,6.488477897644043,44.26877470355731
cdsA,285,31435.342099999998,9.232791328430174,63.859649122807014
rseP,450,49070.68519999999,6.627790260314941,54.22222222222223
bamA,810,90551.62670000001,4.92949810028076,42.46913580246914
skp,161,17655.9682,9.694771766662598,41.61490683229814
lpxD,341,36038.106400000004,6.072871208190917,46.9208211143695
fabZ,151,17014.7186,7.0323701858520495,50.993377483443716
lpxA,262,28047.6003,6.665929222106934,44.656488549618324
lpxB,382,42381.9724,6.571917533874512,52.09424083769634
rnhB,198,21525.7456,7.142012596130371,53.535353535353536
dnaE,1160,129903.05679999999,5.164754676818846,47.672413793103445
accA,319,35241.1323,5.762416648864746,48.90282131661442
ldcC,713,80589.37580000001,5.3470373153686515,48.66760168302945
yaeR,129,14736.511900000001,5.083190727233886,49.6124031007752
tilS,432,48203.5846,6.526673698425292,49.074074074074076
rof,84,9479.5393,4.627853584289551,40.476190476190474
yaeP,66,7182.080999999999,4.536740684509279,54.54545454545454
yaeQ,181,20876.4266,4.942400550842284,47.51381215469613
arfB,140,15622.882299999997,10.784480857849122,42.142857142857146
nlpE,236,25844.0227,5.000205802917479,46.186440677966104
yaeF,274,29911.992400000003,8.527958488464353,47.08029197080292
proS,572,63691.83339999999,5.121784400939941,47.72727272727273
trmO,235,26362.0054,7.855617713928223,51.91489361702127
rcsF,134,14163.338999999998,9.351606559753417,47.01492537313433
metQ,271,29431.257299999997,5.126558876037596,48.708487084870846
metI,217,23255.796499999997,10.059469413757324,64.0552995391705
metN,343,37787.9287,5.946745491027832,44.31486880466473
gmhB,191,21261.9427,4.968148612976075,48.167539267015705
dkgB,267,29436.4224,5.491635704040527,49.812734082397
yafC,304,33775.4229,6.930401039123535,46.71052631578947
yafD,266,29959.245500000005,9.620375251770017,53.00751879699248
yafE,207,22990.8153,5.761336708068847,51.20772946859904
mltD,452,49416.903,9.882697105407715,43.584070796460175
gloB,251,28434.035,5.434285163879394,45.41832669322709
ykfO,10,1201.416,7.9752710342407225,40.0
yafS,240,27243.8542,10.039032936096191,50.83333333333333
rnhA,155,17596.7878,8.42854824066162,41.29032258064516
dnaQ,243,27098.6267,5.535174369812012,46.09053497942387
yafT,261,29605.3452,6.013986015319824,41.7624521072797
ykfM,159,18117.6476,9.566350746154786,58.490566037735846
yafV,256,28892.4825,6.069801902770995,50.390625
ivy,157,16872.1197,6.266862678527832,43.31210191082803
fadE,814,89223.3748,8.221346855163574,50.61425061425061
gmhA,192,20814.5109,5.965957069396972,45.3125
yafJ,255,28635.2828,8.140954780578614,43.529411764705884
dpaA,246,28020.885199999997,9.14582347869873,46.7479674796748
yafQ,92,10846.485,9.521093940734861,46.73913043478261
dinJ,86,9405.682700000001,5.244840812683105,47.674418604651166
yafL,249,28784.4398,9.59084873199463,44.97991967871486
rayT,165,20041.589,9.542497444152833,44.84848484848485
dinB,351,39515.466499999995,9.281207084655762,46.72364672364672
yafN,97,11233.6336,5.477312278747559,47.42268041237113
yafO,132,15487.6528,6.96899471282959,50.0
yafP,150,17554.9323,9.326721763610841,48.66666666666667
pepD,485,52882.7097,5.204655647277831,46.597938144329895
gpt,152,16970.3864,5.520396232604979,50.6578947368421
frsA,414,47008.2336,6.465401268005371,48.792270531400966
crl,27,3054.6133999999997,11.068786430358884,44.44444444444444
insB9,167,19564.3535,10.126387596130368,43.712574850299404
insA9,91,9836.214699999999,10.322113609313963,35.16483516483517
phoE,351,38921.519100000005,4.933135795593261,40.45584045584046
proB,367,39056.053199999995,6.073325920104979,46.59400544959128
proA,417,44629.5476,5.418313407897949,47.24220623501199
ykfI,113,12904.852599999998,9.385581398010252,49.557522123893804
yafW,105,11939.4654,6.271182441711425,40.95238095238095
ykfH,73,8580.8288,9.778516197204588,42.465753424657535
ykfG,158,18098.5484,8.30270595550537,46.835443037974684
yafX,152,17419.353499999997,4.667811393737793,50.0
ykfF,79,9013.934799999999,8.358342170715336,39.24050632911392
ykfB,155,17025.531799999997,4.49456615447998,40.64516129032258
yafY,147,16814.7969,4.579483604431153,44.21768707482993
yafZ,273,31050.9525,9.36791706085205,41.39194139194139
ykfA,287,31891.364199999996,7.6775495529174815,48.78048780487805
perR,297,33638.3788,6.163017845153808,50.16835016835017
insN,122,13990.8771,9.611800956726075,37.704918032786885
insI1,383,44266.3527,10.874801063537596,37.85900783289817
ykfC,381,43720.390400000004,10.263640785217284,46.981627296587924
insH1,326,37850.9642,9.492985725402832,43.86503067484663
mmuP,467,50525.1973,8.780996894836427,61.02783725910065
mmuM,310,33422.4289,5.340500831604003,50.967741935483865
afuC,348,39058.3121,5.750992012023925,46.839080459770116
insB2,167,19757.6073,10.305609703063961,44.31137724550898
insA2,91,9870.230899999999,10.322113609313963,35.16483516483517
yagB,116,13183.873899999999,7.089607048034667,43.96551724137931
yagA,384,43768.14139999999,9.325561332702637,41.14583333333333
yagE,302,32529.989299999997,5.964933967590333,50.331125827814574
yagF,655,69398.4213,5.966127586364746,46.87022900763359
yagG,460,50631.2371,8.69615650177002,57.608695652173914
yagH,536,60824.2731,5.408480262756346,45.8955223880597
xynR,252,27837.5869,7.032085990905761,46.03174603174603
argF,334,36826.744699999996,5.625718879699707,46.10778443113773
argL,31,3681.2075000000004,10.019563484191895,41.935483870967744
ykgS,42,4630.304,5.451052665710448,52.38095238095239
insB3,167,19757.6073,10.305609703063961,44.31137724550898
insA3,91,9870.230899999999,10.322113609313963,35.16483516483517
yagJ,243,27859.0174,4.880730247497559,46.913580246913575
yagK,208,24470.6078,7.5904722213745135,41.82692307692308
yagL,232,27273.465,9.424520301818848,40.94827586206897
yagM,284,32678.136300000002,8.52692699432373,43.66197183098591
ykgV,74,8637.900399999999,9.515356254577636,43.24324324324324
yagN,146,15814.8646,9.270569801330566,43.83561643835616
intF,466,53073.436100000006,9.927502632141113,45.493562231759654
yagP,136,15410.669599999997,8.659087181091309,52.94117647058824
paoD,318,34953.6226,6.371162223815918,48.113207547169814
paoC,732,78087.44089999999,5.855234718322753,46.44808743169399
paoB,318,33857.4488,9.02836208343506,50.314465408805034
paoA,229,24342.400999999998,5.550748252868652,42.35807860262008
yagU,204,22966.5112,6.504677009582519,59.31372549019608
ykgJ,109,11798.416799999999,8.756950187683106,40.36697247706422
ecpE,236,26627.9711,9.485056114196777,44.91525423728814
ecpD,547,59996.407699999996,5.1694154739379865,43.51005484460695
ecpC,841,91227.3708,6.415326118469238,41.49821640903686
ecpB,222,24516.686899999997,9.412980461120608,46.3963963963964
ecpA,195,20111.2147,4.653772163391113,43.07692307692308
matA,196,23241.4071,9.409047889709473,44.38775510204081
ykgL,75,8766.7891,8.065784645080566,41.333333333333336
ykgO,46,5466.5583,11.395770072937015,34.78260869565217
ykgM,87,9920.0643,9.299645042419431,40.229885057471265
ykgR,33,3998.7307,8.140052223205569,63.63636363636363
insE1,99,11543.0052,9.92208728790283,37.37373737373738
insF1,288,33540.0396,9.81410274505615,43.05555555555556
rclC,197,21899.200299999997,5.937537574768067,54.82233502538071
rclB,78,8471.689900000001,9.455400657653808,48.717948717948715
rclA,441,48243.633,6.055307960510253,46.71201814058957
rclR,284,31473.9998,6.7930212020874015,50.0
ykgE,239,25971.9731,7.635318183898925,47.28033472803347
ykgF,475,53051.3186,8.749342918395996,44.631578947368425
ykgG,231,25212.4201,4.962862586975096,45.887445887445885
ykgH,222,25588.5745,7.543011665344238,48.1981981981982
betA,556,61858.87109999999,5.447869682312012,44.064748201438846
betB,490,52910.5159,5.190332221984861,47.3469387755102
betI,195,21814.7558,10.160362434387206,46.15384615384615
betT,677,75841.2563,6.436299705505371,55.391432791728214
yahV,24,2597.3118999999997,4.0500284194946286,75.0
pdeL,362,40724.4138,5.95589656829834,47.790055248618785
yahB,310,34865.59329999999,6.662348365783692,46.45161290322581
yahC,165,17310.8536,8.551940727233887,53.939393939393945
yahD,201,21686.8153,5.437183952331543,47.2636815920398
yahE,287,32233.298899999994,6.2206525802612305,45.99303135888502
yahF,515,55580.0904,5.078870964050291,45.43689320388349
yahG,472,50373.402,4.924268913269042,50.21186440677966
yahH,106,10602.1576,7.972950172424316,50.943396226415096
yahI,316,33930.452900000004,5.738828468322754,46.835443037974684
yahJ,460,50548.1725,6.064004325866699,45.869565217391305
yahK,349,37977.9829,5.801124000549316,45.845272206303726
yahL,271,31792.336499999998,5.704554557800294,49.44649446494465
xtpA,60,6969.1353,10.5170015335083,45.0
yahM,81,8890.367,10.446279716491699,45.67901234567901
yahN,223,24811.0342,10.246814537048337,58.744394618834086
yahO,91,9895.274,5.796633720397949,42.857142857142854
prpR,528,58648.705400000006,8.289747810363771,48.484848484848484
prpB,296,32134.2898,5.442299461364747,50.67567567567568
prpC,389,43101.6668,6.656550788879396,45.75835475578406
prpD,483,53951.1183,5.677442359924316,50.103519668737064
prpE,628,69350.1066,5.634926795959472,48.089171974522294
codB,419,43617.0027,9.09972858428955,60.14319809069213
codA,427,47558.3382,5.723822975158692,46.604215456674474
cynR,299,32960.4962,6.352291679382325,50.50167224080268
cynT,219,23731.932,7.135135078430175,51.141552511415526
cynS,156,17048.6279,4.997022819519042,51.92307692307693
cynX,384,41360.214199999995,10.281691932678221,63.28125
lacA,203,22780.7027,6.25236873626709,46.30541871921182
lacY,417,46502.6956,8.96170177459717,60.671462829736214
lacZ,1024,116481.48060000001,5.276784324645996,45.8984375
lacI,360,38557.651999999995,6.419248008728027,48.61111111111111
mhpR,277,31321.7147,8.882083320617678,45.12635379061371
mhpA,554,62184.9812,7.703354454040528,50.361010830324915
mhpB,314,34195.637,5.372046470642091,51.59235668789809
mhpC,288,31937.100999999995,6.244240760803222,45.48611111111111
mhpD,269,28889.542599999997,5.166005134582518,48.698884758364315
mhpF,316,33442.106100000005,5.325040626525879,52.21518987341772
mhpE,337,36470.040799999995,5.6659040451049805,47.18100890207715
mhpT,403,41550.2941,9.775292778015135,62.531017369727046
yaiL,179,19922.510000000002,7.833827400207521,44.6927374301676
frmB,277,31424.114700000002,5.811013984680176,48.73646209386281
frmA,369,39358.5544,5.84909610748291,44.986449864498645
frmR,91,10317.6104,5.843184852600097,40.65934065934066
yaiO,257,29039.9755,6.8345136642456055,45.525291828793776
yaiX,122,13701.874399999999,9.069944190979005,50.81967213114754
insC1,121,13451.4657,9.518515205383299,47.107438016528924
insD1,301,34365.6654,9.212354850769042,42.19269102990033
yaiP,398,44707.9975,9.224152565002441,53.015075376884425
ykiC,39,4432.3183,7.823770332336427,61.53846153846154
yaiS,185,20454.249499999998,6.307047843933106,45.94594594594595
tauA,320,34265.6565,6.851906394958497,51.87500000000001
tauB,255,28296.3995,6.4561365127563475,48.627450980392155
tauC,275,29811.538599999996,10.607579612731932,63.63636363636363
tauD,283,32409.0878,6.266066932678222,47.349823321554766
hemB,324,35624.419200000004,5.2498994827270495,48.148148148148145
yaiT,486,52855.6344,4.0500284194946286,36.831275720164605
ytiB,18,2019.371,11.999967765808105,50.0
insF2,288,33540.0396,9.81410274505615,43.05555555555556
insE2,99,11543.0052,9.92208728790283,37.37373737373738
iprA,207,23955.3568,7.746893119812013,46.3768115942029
ampH,385,41830.5196,9.49807872772217,48.57142857142857
sbmA,406,46458.7734,8.457945823669434,60.09852216748769
yaiW,364,40413.8602,9.583692741394039,46.15384615384615
yaiY,102,11424.3572,9.887338829040527,56.86274509803921
yaiZ,70,8097.3558,8.160811042785646,57.14285714285714
ddlA,364,39315.3295,5.020383644104004,48.62637362637363
iraP,86,9937.3652,4.81803684234619,46.51162790697674
phoA,471,49405.9342,5.746615409851075,43.94904458598726
psiF,106,11686.4251,9.78380260467529,36.79245283018868
dgcC,371,41537.0201,9.563062858581542,52.83018867924528
proC,269,28144.5888,5.6380529403686515,53.159851301115246
yaiI,152,16969.2667,5.587409400939941,50.0
aroL,174,19150.606,4.715612983703613,47.701149425287355
yaiA,63,7281.1134,6.0827043533325185,44.44444444444444
aroM,225,24916.6155,4.798200035095214,51.11111111111111
ppnP,94,10234.2772,4.468704414367674,45.744680851063826
ykiD,27,3233.7945,11.999967765808105,40.74074074074074
rdgC,303,33992.9634,5.272976112365721,45.21452145214521
mak,302,32467.309400000002,5.482370948791503,43.70860927152318
araJ,394,41925.878399999994,9.54952449798584,62.43654822335025
sbcC,1048,118719.66149999999,5.468786430358887,39.69465648854962
sbcD,400,44712.966199999995,5.529660987854004,45.5
phoB,229,26433.075599999996,5.45804386138916,46.724890829694324
phoR,431,49596.731400000004,9.62604846954346,45.93967517401392
brnQ,439,46208.1588,8.589461326599121,62.1867881548975
proY,457,50215.134300000005,9.6257905960083,59.73741794310722
malZ,604,69040.17259999999,5.929977989196778,47.682119205298015
acpH,193,22960.831899999997,5.880641746520996,51.29533678756477
queA,356,39430.3604,5.088874626159667,50.28089887640449
tgt,375,42593.19869999999,5.97488079071045,43.733333333333334
yajC,110,11887.0082,9.571637153625485,54.54545454545454
secD,615,66599.26950000001,8.629754066467285,49.43089430894309
secF,323,35349.9035,5.570982933044433,52.94117647058824
yajD,115,13363.8498,6.1400548934936525,40.0
tsx,294,33588.587,5.0696630477905265,45.23809523809524
yajI,179,19560.0589,5.283832359313963,43.575418994413404
nrdR,149,17228.716,7.663567161560059,42.281879194630875
ribD,367,40305.78999999999,7.323215293884279,47.13896457765668
ribE,156,16156.3027,5.154751014709471,53.205128205128204
nusB,139,15656.791200000001,6.791088676452636,51.798561151079134
thiL,325,35070.4423,4.475240898132324,50.153846153846146
pgpA,172,19417.899699999998,7.090004920959472,59.883720930232556
yajO,324,36419.7264,5.185046195983886,45.06172839506173
dxs,620,67616.15659999999,6.164097785949706,48.54838709677419
ispA,299,32159.262000000002,5.272919273376464,47.82608695652174
xseB,80,8951.8194,4.428803443908691,41.25
thiI,482,54972.423200000005,6.161994743347167,44.190871369294605
yajL,196,20776.844100000002,5.244613456726074,51.53061224489795
panE,303,33870.3756,5.617761421203612,46.864686468646866
yajQ,163,18343.637000000002,5.956976509094238,40.49079754601227
yajR,454,48809.3745,9.080839347839355,58.370044052863435
cyoE,296,32248.1095,9.462685585021976,62.83783783783784
cyoD,109,12029.3367,6.5574235916137695,60.550458715596335
cyoC,204,22622.3708,6.57430477142334,56.372549019607845
cyoB,663,74367.01550000001,6.697815895080566,60.18099547511312
cyoA,315,34910.8975,6.758406257629395,52.6984126984127
ampG,491,53244.5368,8.517772483825684,61.5071283095723
yajG,192,20949.788399999998,8.685003471374515,47.91666666666667
bolA,105,11993.5325,6.187401771545409,46.666666666666664
tig,432,48192.0803,4.825198554992675,43.51851851851852
clpP,207,23186.4098,5.522499275207519,46.85990338164252
clpX,424,46355.450300000004,5.235746574401855,43.63207547169811
lon,784,87437.13849999999,6.012224006652831,45.91836734693878
hupB,90,9193.3976,9.694836235046388,47.77777777777778
ppiD,623,68149.0361,4.938933372497558,44.46227929373997
ybaV,123,12703.5062,8.76023807525635,50.40650406504065
fadM,132,15088.1263,5.308500480651855,46.96969696969697
queC,231,25513.8937,5.681875801086425,47.61904761904761
ybaE,566,64990.7465,6.835252571105957,48.23321554770318
cof,272,30370.595699999998,5.607246208190918,48.161764705882355
decR,152,17437.179399999997,5.738487434387207,49.34210526315789
mdlA,590,65984.45999999999,6.07980556488037,51.52542372881356
mdlB,593,65221.7172,5.6948350906372065,53.288364249578414
glnK,112,12259.0578,5.839660835266113,48.214285714285715
amtB,428,44514.172099999996,6.696053886413575,58.87850467289719
tesB,286,31965.9186,6.172907829284667,48.25174825174825
ybaY,190,19430.953999999998,7.866319465637207,53.1578947368421
ybaZ,129,14449.372299999999,9.20287799835205,46.51162790697674
ybaA,117,13318.104,4.798825263977051,50.427350427350426
pdeB,516,58687.6008,5.732121467590333,49.031007751937985
ylaC,156,18266.9554,6.7398767471313485,52.56410256410257
maa,183,20095.7592,6.1920057296752935,47.540983606557376
hha,72,8627.903900000001,8.78692798614502,44.44444444444444
tomB,124,14557.2284,4.963715171813964,41.935483870967744
acrB,1049,113572.30489999999,5.387051963806152,52.716873212583415
acrA,397,42196.175,7.690110969543458,44.33249370277078
acrR,215,24766.3751,5.6555025100708,46.97674418604651
mscK,1120,127213.72519999999,8.044639015197756,49.01785714285714
ybaM,53,6024.8042,4.464725685119628,47.16981132075472
priC,175,20343.0559,10.00621852874756,45.714285714285715
ybaN,125,14769.9699,10.947392463684082,68.0
apt,183,19858.615700000002,5.257629585266113,49.18032786885246
dnaX,643,71136.8961,6.388554954528809,49.30015552099534
dnaX,643,71136.8961,6.388554954528809,49.30015552099534
ybaB,109,12014.714199999999,5.011971473693847,42.201834862385326
recR,201,21962.7839,5.132583808898924,42.78606965174129
htpG,624,71421.6357,5.085918998718261,42.467948717948715
adk,214,23585.7353,5.551373481750488,44.85981308411215
hemH,320,35883.9654,6.195586585998535,51.24999999999999
aes,319,36033.672099999996,4.946095085144043,50.470219435736674
gsk,434,48448.2173,5.501582527160643,45.852534562211986
ybaL,558,59422.8193,4.995999717712402,59.85663082437276
fsr,406,43304.9847,9.71856060028076,60.591133004926114
ushA,550,60823.2391,5.474584007263183,45.27272727272727
ybaK,159,17092.7137,9.023978233337402,50.314465408805034
ybaP,264,29902.136599999998,6.24378604888916,50.75757575757576
ybaQ,113,13170.942299999999,5.724959754943849,46.902654867256636
copA,834,87872.1304,5.366987800598144,51.438848920863315
copA,834,87872.1304,5.366987800598144,51.438848920863315
glsA,310,32902.941199999994,4.814058113098144,49.67741935483871
ybaT,430,45658.0968,9.018176078796387,63.0232558139535
cueR,135,15234.9999,5.7178548812866214,38.51851851851852
ybbJ,152,16938.618499999997,7.072669029235839,53.94736842105263
qmcA,305,33742.7105,5.597754096984862,49.50819672131148
fetA,225,25381.6965,5.265814399719238,46.22222222222222
fetB,259,28164.463399999997,9.658540534973145,57.52895752895753
cnoX,284,31790.672799999997,4.498942756652832,48.23943661971831
ybbO,269,29409.843299999997,8.973306083679201,47.58364312267658
tesA,208,23621.8715,6.911757850646972,53.36538461538461
ybbA,228,24532.6487,5.500388908386229,42.98245614035088
ybbP,804,89331.0854,9.375008583068848,55.59701492537313
rhsD,1426,159722.60090000002,5.582578086853027,40.67321178120617
ybbC,122,14152.26,5.709556388854981,50.81967213114754
ylbG,123,13915.6345,9.77013530731201,42.27642276422765
selU,364,41110.3173,5.9293527603149405,46.15384615384615
allS,308,34511.258,6.461706733703613,49.67532467532468
allA,160,18169.332499999997,4.797915840148925,46.875
allR,271,29269.324399999998,5.77293186187744,47.97047970479705
gcl,593,64731.0383,5.712966728210449,51.93929173693086
hyi,258,29377.1086,5.386426734924316,46.12403100775194
glxR,292,30800.236499999995,5.724164009094238,47.6027397260274
allW,484,52455.4277,9.023333549499512,59.29752066115702
allB,453,49601.0646,5.217728614807128,44.370860927152314
ybbY,433,47238.7945,9.441217613220214,60.969976905311775
glxK,381,38734.0663,4.684067344665528,50.65616797900262
allE,261,28730.082400000003,4.925803565979003,47.89272030651341
allC,411,45693.4865,5.233927726745605,45.742092457420924
allD,349,37966.6857,5.76281452178955,48.71060171919771
fdrA,555,58595.392700000004,5.070970344543456,49.90990990990991
ylbE,419,44978.4025,5.26911106109619,50.35799522673031
ylbF,271,29596.7509,9.687422370910646,50.55350553505535
ybcF,297,31643.7491,4.902726936340332,51.85185185185185
purK,355,39460.6393,5.599629783630371,49.57746478873239
purE,169,17780.107799999998,6.038369941711425,53.25443786982249
lpxH,240,26861.8031,7.33174114227295,52.083333333333336
ppiB,164,18153.266699999996,5.513973426818846,41.46341463414634
cysS,461,52201.518899999995,5.325609016418457,46.20390455531454
ybcI,173,19530.2084,10.361632728576659,61.27167630057804
ybcJ,70,7389.452700000001,7.838340187072754,44.285714285714285
folD,288,31043.375399999997,5.742466163635254,48.95833333333333
sfmA,180,18474.2777,4.4179471969604505,47.77777777777778
sfmC,230,25457.3354,9.94555377960205,51.73913043478261
sfmD,867,95675.7998,5.350618171691894,42.445213379469436
sfmH,327,35677.298599999995,4.607903099060058,51.98776758409785
sfmF,171,18222.431800000002,4.568286323547364,49.122807017543856
fimZ,210,23663.2505,8.871897315979005,45.714285714285715
intD,387,45089.604,9.755436515808103,42.63565891472868
renD,31,3233.7147,6.689972114562988,48.38709677419355
insE3,99,11543.0052,9.92208728790283,37.37373737373738
insF3,288,33540.0396,9.81410274505615,43.05555555555556
emrE,110,11958.229299999999,7.717621040344238,61.81818181818181
ylcJ,49,5943.3762,10.297809028625483,65.3061224489796
ybcK,508,57526.2071,9.16464824676514,46.45669291338583
ybcL,183,19475.720400000002,6.895274543762207,45.90163934426229
ybcM,265,30840.349800000004,9.457914924621583,44.905660377358494
ylcH,33,3644.1643999999997,6.494445991516113,39.39393939393939
ybcN,151,17400.7566,7.099099159240722,42.384105960264904
ninE,56,6493.664000000001,11.574025154113773,48.214285714285715
ybcO,96,10347.9028,8.276467323303226,42.70833333333333
rusA,120,13813.691499999999,9.604322624206542,45.83333333333333
ylcG,46,5493.4388,10.507073402404785,52.17391304347826
quuD,127,14176.3762,5.85739459991455,44.881889763779526
nmpC,355,39265.68,4.746590232849121,42.816901408450704
insH2,326,37850.9642,9.492985725402832,43.86503067484663
essD,71,7777.966,9.573055458068847,49.29577464788733
rrrD,165,17971.5992,9.537275505065917,44.84848484848485
rzpD,153,17193.4224,9.242139244079588,45.09803921568628
rzoD,60,6690.131799999999,9.74944095611572,55.00000000000001
borD,97,10447.159099999999,9.33420009613037,45.36082474226804
ybcV,136,16413.5202,9.161360359191896,43.38235294117647
ybcW,68,7623.650699999999,4.9140947341918935,48.529411764705884
ylcI,64,7520.425700000001,10.484380531311036,31.25
nohD,181,20427.8418,4.8906770706176745,44.19889502762431
tfaD,187,21202.5613,4.814740180969238,47.05882352941176
tfaX,61,7087.746300000001,4.0500284194946286,49.18032786885246
appY,249,28763.1576,8.91135196685791,44.57831325301205
ompT,317,35561.8556,5.755027580261231,40.694006309148264
envY,253,29018.5468,9.393446540832517,48.22134387351779
ybcH,296,33056.3718,8.754242515563966,50.0
nfrA,990,111306.7934,6.522694969177246,47.878787878787875
nfrB,745,85286.2817,6.236681175231933,50.604026845637584
cusS,480,53737.4066,6.0222276687622065,49.375
cusR,227,25394.2236,5.315434837341309,49.33920704845815
cusC,457,50268.9699,6.051954460144043,46.608315098468275
cusF,110,12251.0239,6.96768741607666,45.45454545454545
cusB,407,44304.3514,5.929466438293456,49.877149877149876
cusA,1047,114705.7487,6.061673927307129,55.014326647564474
pheP,458,50644.629799999995,9.495822334289553,61.135371179039296
ybdG,415,46602.0832,7.8725084304809565,52.28915662650603
nfsB,217,23904.896500000003,5.802090263366699,47.926267281105986
ybdF,122,14050.1487,8.710146141052245,47.540983606557376
ybdJ,82,9403.4043,7.837050819396973,68.29268292682927
ybdK,372,41687.8766,5.731212043762207,45.96774193548387
hokE,50,5563.6779,7.762125968933106,57.99999999999999
insL2,370,40908.3273,8.768103218078615,47.02702702702703
entD,206,23258.2839,5.979257392883301,48.05825242718447
fepA,746,82105.8793,5.385574150085449,39.946380697050934
fes,400,45619.313599999994,6.08418216705322,47.75
ybdZ,72,8271.148099999999,4.427211952209473,47.22222222222222
entF,1293,141989.2243,5.0407320022583,52.04949729311679
fepE,377,42099.011399999996,6.188027000427247,48.275862068965516
fepC,271,29783.761999999995,6.060991859436036,46.494464944649444
fepG,330,34909.797399999996,10.143922996520995,61.81818181818181
fepD,334,33870.903099999996,10.15933094024658,60.17964071856288
entS,416,43281.4464,9.88901500701904,61.29807692307693
fepB,318,34250.566300000006,5.7675889968872065,50.314465408805034
entC,391,42931.128800000006,5.4943639755249025,47.05882352941176
entE,536,59111.4352,5.418768119812011,48.69402985074627
entB,285,32553.9812,5.046018028259277,51.578947368421055
entA,248,26249.354199999998,4.971217918395996,46.774193548387096
entH,137,14969.957699999999,6.129937553405762,40.87591240875913
cstA,701,75104.3659,8.009697151184085,62.196861626248214
ybdD,65,7467.4002,6.704807090759277,43.07692307692308
hcxA,362,39091.1369,5.670792198181153,52.20994475138122
ybdL,386,42962.416,5.760711479187012,52.07253886010362
ybdM,209,23943.085799999997,7.81526050567627,40.66985645933015
ybdN,406,47826.166,7.930594444274902,48.52216748768473
citR,300,34396.3974,7.111092185974121,45.33333333333333
dsbG,248,27494.672599999998,8.317727088928223,50.806451612903224
ahpC,187,20761.185400000002,5.026635932922363,45.45454545454545
ahpF,521,56176.4324,5.468559074401855,44.913627639155465
uspG,142,15934.9905,6.02757053375244,47.183098591549296
ybdR,412,44175.0498,6.10686092376709,48.786407766990294
yldA,29,3257.9656999999997,4.505706596374512,79.3103448275862
rnk,136,14926.8999,4.482573127746583,52.20588235294118
rna,268,29617.255999999998,8.863065147399901,44.776119402985074
citT,487,53091.9208,8.83508586883545,62.83367556468173
citG,292,31644.0952,5.882517433166503,47.26027397260274
citX,183,20270.1254,6.749766731262207,48.63387978142077
citF,510,55172.0798,5.99460391998291,44.90196078431373
citE,302,33109.2624,5.53778896331787,47.35099337748344
citD,98,10689.1593,4.589771461486817,48.97959183673469
citC,352,40076.741799999996,8.342676353454593,47.44318181818182
dpiB,552,61683.3494,5.766168022155762,48.91304347826087
dpiA,226,25453.036399999997,6.504847526550292,48.67256637168141
dcuC,461,48411.6703,8.256417655944826,62.90672451193059
pagP,186,21769.2935,6.062299156188964,52.68817204301075
cspE,69,7463.3536,8.087446022033692,42.028985507246375
crcB,127,13745.0682,9.496209144592285,59.055118110236215
tatE,67,7024.2093,9.049958992004395,47.76119402985074
lipA,321,36071.3433,8.084158134460449,47.0404984423676
ybeF,317,35927.869900000005,5.853131675720214,48.89589905362776
lipB,213,23864.223299999998,5.873707389831543,48.35680751173709
ybeD,87,9827.2259,5.4970922470092765,48.275862068965516
dacA,403,44443.437699999995,8.309990882873539,46.65012406947891
rlpA,362,37527.552599999995,5.51465549468994,45.85635359116022
mrdB,370,40475.507399999995,9.341549491882326,62.972972972972975
mrdA,633,70855.71530000001,8.804463386535648,48.183254344391784
rlmH,155,17308.8356,8.723942375183103,49.67741935483871
rsfS,105,11564.066299999999,4.519745826721191,43.80952380952381
cobC,203,23308.2011,5.841081809997559,46.79802955665024
nadD,213,24527.639799999997,5.456963920593262,48.82629107981221
holA,343,38703.2219,6.512350273132324,49.56268221574344
lptE,193,21324.230199999998,8.744701194763184,45.59585492227979
leuS,860,97232.6634,5.155603599548338,47.674418604651166
ybeL,160,18796.9858,5.107176780700683,40.0
ybeQ,325,37030.500700000004,5.020667839050293,45.230769230769226
ybeR,235,27735.8187,4.961555290222167,46.38297872340426
djlB,475,55255.6772,4.93080539703369,50.73684210526316
ybeT,184,20914.581700000002,9.421361351013182,47.28260869565217
ybeU,235,27022.1325,5.242851448059081,45.1063829787234
djlC,483,55681.5,4.644848442077637,48.24016563146998
hscC,556,61985.5411,5.053634452819824,46.58273381294964
rihA,311,33822.5211,4.836395835876464,52.41157556270096
gltL,241,26660.8061,6.604543113708497,47.30290456431535
gltK,224,24914.4204,9.431482887268068,62.94642857142857
gltJ,246,27502.363100000002,9.217125511169431,60.56910569105691
gltI,302,33419.769799999995,8.60976886749268,43.70860927152318
insH3,326,37850.9642,9.492985725402832,43.86503067484663
lnt,512,57065.0926,9.442378044128418,56.8359375
ybeX,292,33298.111600000004,4.550097846984863,42.465753424657535
ybeY,155,17525.4632,4.2627767562866214,45.806451612903224
ybeZ,346,39020.1788,5.7149560928344725,46.82080924855491
miaB,474,53662.33929999999,5.197096061706542,43.459915611814345
ubiF,391,42952.9913,6.635463523864748,53.96419437340153
asnB,554,62658.281599999995,5.55029354095459,47.11191335740072
umpH,250,27162.780400000003,5.179817008972167,51.6
nagC,406,44540.7136,6.923694038391113,45.812807881773395
nagA,382,40948.6267,5.645157814025879,48.42931937172775
nagB,266,29773.8698,6.411290550231934,47.368421052631575
nagE,648,68346.0661,5.784242820739746,57.56172839506173
glnS,554,63477.1448,5.886382484436035,43.86281588447653
chiP,468,52779.662099999994,4.836736869812011,46.58119658119658
chiQ,108,11998.5264,7.591495323181154,38.88888888888889
fur,148,16794.6567,5.680739021301269,37.16216216216216
uof,28,3108.4885000000004,9.282109642028807,39.285714285714285
fldA,176,19736.699099999998,4.213042640686036,44.88636363636363
ybfE,97,11279.855,10.085772514343262,38.144329896907216
ybfF,254,28436.9076,5.860634422302245,51.181102362204726
seqA,181,20315.220699999998,8.815036201477053,46.408839779005525
pgm,546,58360.244399999996,5.429055976867674,47.43589743589743
ybfP,164,18281.7578,8.73251667022705,39.02439024390244
potE,439,46494.3452,8.638521766662599,58.08656036446469
speF,732,82414.8381,5.574847984313963,48.224043715846996
speFL,34,4248.7946,11.82919101715088,38.23529411764706
kdpE,225,25329.763099999996,6.003470802307128,48.888888888888886
kdpD,894,98717.1783,6.132381629943848,50.11185682326622
kdpC,190,20266.8934,6.585047340393066,53.1578947368421
kdpB,682,72198.3227,7.5810937881469735,53.0791788856305
kdpA,557,59188.417499999996,6.999517250061035,59.06642728904848
kdpF,29,3039.6459999999997,4.0500284194946286,75.86206896551724
ybfA,68,8274.5144,9.395122718811034,60.29411764705882
rhsC,1397,157774.4271,6.232020378112793,39.51324266284896
ybfB,108,12557.2189,9.515356254577636,64.81481481481481
ybfC,189,21961.1642,8.973950767517092,46.03174603174603
ybfQ,84,9554.8439,4.978777503967284,45.23809523809524
ybfD,253,28864.662699999997,5.808285713195801,41.50197628458498
ybgA,169,20210.920599999998,9.552554512023924,49.70414201183432
phr,472,53666.2586,6.74374179840088,47.66949152542373
dtpD,493,54158.3316,8.861517906188965,59.2292089249493
ybgI,247,26892.1471,5.06721897125244,47.368421052631575
pxpB,218,23914.237399999998,5.16310634613037,52.752293577981646
pxpC,310,34385.968799999995,8.590557289123538,44.516129032258064
pxpA,244,25800.0676,5.802715492248535,49.18032786885246
nei,263,29844.749599999996,7.767355155944825,45.627376425855516
abrB,348,36883.2961,9.499819374084474,65.51724137931035
ybgO,353,39538.168,4.88226490020752,44.759206798866856
ybgP,242,26953.7618,9.453144264221194,47.107438016528924
ybgQ,815,90094.73689999999,5.027659034729004,42.08588957055215
ybgD,188,19837.874600000003,4.451482200622559,44.148936170212764
gltA,427,48014.4729,6.213434028625487,46.604215456674474
ybgV,10,1140.2236,4.207756614685059,30.0
ybgU,35,3827.3886,9.185149192810059,40.0
sdhC,129,14298.978500000001,9.86445255279541,58.91472868217055
sdhD,115,12867.371899999998,8.074810218811034,69.56521739130434
sdhA,588,64421.1307,5.84909610748291,43.197278911564624
sdhB,238,26769.6089,6.3140958786010755,45.378151260504204
sucA,933,105060.48079999999,6.037517356872558,44.48017148981779
sucB,405,44010.8749,5.57598476409912,47.160493827160494
sucC,388,41392.1542,5.366930961608887,48.71134020618557
sucD,289,29777.135000000002,6.318301963806152,46.02076124567474
mngR,240,28272.9763,6.256461143493653,43.75
mngA,658,69667.0732,6.161937904357909,54.25531914893617
mngB,877,100013.829,5.441844749450683,45.72405929304447
cydA,522,58204.3868,6.353030586242675,56.70498084291188
cydB,379,42452.6235,6.9006742477417,61.21372031662269
cydX,37,4041.6449000000002,4.3962915420532225,56.75675675675676
ybgE,97,10932.248899999999,9.019529914855958,65.97938144329896
ybgC,134,15529.7672,7.0757951736450195,52.23880597014925
tolQ,230,25565.3454,6.587548255920409,53.04347826086957
tolR,142,15382.746200000001,5.410071754455566,52.816901408450704
tolA,421,43124.0369,9.097601127624515,47.03087885985748
tolB,430,45954.9535,6.97888469696045,47.20930232558139
pal,173,18823.990299999998,6.292156028747559,43.35260115606936
cpoB,263,28231.0562,8.581402778625488,44.106463878327
nadA,347,38240.390699999996,5.19323101043701,49.279538904899134
pnuC,239,26995.929399999997,6.715094947814941,63.59832635983263
zitB,313,34678.0087,6.315573692321778,54.31309904153354
ybgS,126,12871.852799999999,4.6139848709106435,32.53968253968254
aroG,350,38009.091700000004,6.1378381729125975,45.42857142857143
gpmA,250,28556.028299999998,5.8510854721069325,46.400000000000006
galM,346,38157.919,4.84509220123291,44.21965317919075
galK,382,41441.6415,5.276898002624511,45.54973821989529
galT,348,39645.2079,6.006767463684081,46.55172413793103
galE,338,37264.665199999996,5.886950874328612,46.74556213017752
modF,490,54535.220100000006,5.431556892395019,44.69387755102041
modE,262,28280.8791,5.220059013366698,46.18320610687023
acrZ,49,5300.389899999999,6.514453315734863,61.224489795918366
modA,257,27363.8671,7.809264945983888,51.36186770428015
modB,229,24938.510799999996,10.242624092102048,60.698689956331876
modC,352,39101.939099999996,8.742380332946777,49.43181818181818
ybhA,272,30200.9545,5.5055044174194325,48.529411764705884
pgl,331,36307.204,5.0602846145629865,45.61933534743202
ybhD,317,36057.608700000004,9.095409202575684,48.89589905362776
ybhH,350,37059.089400000004,5.570755577087401,48.285714285714285
ybhI,477,51350.0772,9.443216133117676,62.68343815513627
ybhJ,753,81503.5996,5.398760795593262,45.81673306772908
ybhC,427,46049.5649,5.667552375793457,44.26229508196721
ybhB,158,17084.9186,5.269679450988768,46.835443037974684
bioA,429,47335.114799999996,5.528069496154784,51.28205128205128
bioB,346,38647.688799999996,5.323676490783691,44.797687861271676
bioF,384,41593.77419999999,6.636657142639161,48.17708333333333
bioC,251,28275.8538,7.93555850982666,49.800796812749006
bioD,225,24107.2301,5.5691640853881825,51.11111111111111
uvrB,673,76225.1378,5.139631843566893,46.35958395245171
ybhK,302,32787.5312,5.9990942001342775,48.34437086092716
moaA,329,37345.9889,8.148562049865724,41.33738601823708
moaB,170,18664.8696,5.727176475524904,44.11764705882353
moaC,161,17467.0622,6.592606925964356,47.20496894409938
moaD,81,8757.8266,4.3813997268676745,54.32098765432099
moaE,150,16980.8399,5.25564022064209,46.0
ybhL,234,25901.574699999997,9.615024375915528,60.256410256410255
ybhM,237,26122.9879,8.668950843811036,62.0253164556962
ybhN,318,35859.943,9.791409873962401,62.57861635220125
clsB,413,47632.9148,8.382066535949708,48.6682808716707
ybhP,253,28789.4774,6.590788078308106,49.80237154150198
ybhQ,136,15464.516599999999,10.034520149230957,58.08823529411765
ybhR,368,41565.31909999999,9.076197624206543,57.065217391304344
ybhS,377,42059.327399999995,8.42261714935303,57.824933687002655
ybhF,578,63131.7908,5.448494911193847,44.982698961937714
ybhG,332,36383.3706,5.435024070739746,46.68674698795181
cecR,223,25016.4022,6.059514045715332,47.53363228699551
rhlE,454,49988.6968,10.057277488708493,43.17180616740088
ybiA,160,18669.0699,9.421683692932131,43.75
dinG,716,81439.2971,7.618664360046388,48.184357541899445
ybiB,320,35048.1547,6.377357673645019,48.4375
hcxB,361,38896.7068,5.955214500427247,47.64542936288089
ybiE,19,2006.2316999999998,11.700254249572755,31.57894736842105
ybiJ,86,8567.644900000001,8.034195137023925,51.162790697674424
ybiI,88,9755.7067,5.107915687561035,36.36363636363637
ybiX,225,25528.449099999998,5.960784721374512,45.33333333333333
fiu,760,81959.0396,5.549895668029785,39.60526315789474
mcbA,86,8896.035600000001,7.8428529739379895,44.18604651162791
rlmF,308,34225.5146,9.297517585754395,45.45454545454545
ybiO,741,81902.737,9.28417263031006,55.465587044534416
glnQ,240,26698.6057,6.096061515808104,47.5
glnP,219,24363.9935,10.17183780670166,63.013698630136986
glnH,248,27189.7636,8.438798713684086,47.17741935483871
dps,167,18695.0759,5.723368263244629,45.50898203592814
rhtA,295,31168.089,9.425036048889162,63.72881355932203
yliM,21,2716.1764,10.295101356506347,38.095238095238095
ompX,171,18602.3878,6.561345481872559,44.44444444444444
opgE,527,59705.462199999994,8.562835884094238,48.76660341555977
mntS,42,5030.981,9.58994617462158,42.857142857142854
mntR,155,17640.0481,6.318586158752441,43.87096774193549
ybiR,372,41168.2113,9.629207420349118,63.70967741935484
ldtB,306,33324.8797,5.992387199401855,49.34640522875817
ybiT,530,59825.221300000005,4.988894844055174,43.77358490566038
ybiU,421,47328.8751,5.562627601623535,47.980997624703086
ybiV,271,30412.456099999996,5.909288597106933,48.708487084870846
ybiW,810,90124.2873,5.593832206726074,46.2962962962963
ybiY,299,33037.777,5.8779703140258786,48.49498327759198
fsaA,220,22996.555800000002,5.897579765319825,55.45454545454545
moeB,249,26718.5685,4.90642147064209,48.59437751004016
moeA,411,44066.7488,5.026067543029785,47.44525547445255
iaaA,321,33393.6294,4.829631996154785,48.28660436137071
gsiA,623,69095.15699999999,7.085287284851074,50.08025682182986
gsiB,512,56469.508799999996,8.221991539001465,50.5859375
gsiC,306,34066.015,6.978429985046388,62.091503267973856
gsiD,303,33237.853299999995,9.71250057220459,61.71617161716172
pdeI,782,90047.5852,5.571437644958496,48.209718670076725
dgcI,442,49872.3901,8.25873851776123,50.2262443438914
rimO,441,49581.2129,5.304862785339354,45.57823129251701
bssR,127,14535.569399999998,6.428626441955566,44.881889763779526
yliI,371,41053.9644,6.190243721008301,45.55256064690027
gstB,208,23712.8885,5.050224113464354,51.442307692307686
dacC,400,43608.376399999994,7.737685203552247,47.25
deoR,252,28547.6652,7.614401435852051,46.82539682539682
ybjG,198,22398.3829,8.54355983734131,62.121212121212125
mdfA,410,44320.417799999996,9.028813362121582,60.24390243902439
ybjH,94,9970.533,6.250208854675294,59.57446808510638
ybjI,271,30195.845699999998,4.835315895080566,47.601476014760145
ybjJ,402,41851.9951,8.884855461120608,59.20398009950249
rcdA,178,20307.1596,6.305967903137208,49.43820224719101
ybjL,561,60318.34389999999,8.608028221130372,54.188948306595364
ybjM,125,14171.003,10.10285663604736,60.8
grxA,85,9684.7372,4.808146858215332,42.35294117647059
ybjC,95,10520.5803,9.392350578308104,61.05263157894737
nfsA,240,26800.365,6.44408664703369,46.666666666666664
rimK,300,32404.0627,7.801335334777833,48.0
ybjN,158,17665.9116,4.123521232604979,50.63291139240506
potF,370,40839.1607,5.837614631652832,50.810810810810814
potG,377,41898.175299999995,6.492229270935058,48.275862068965516
potH,317,35489.085600000006,7.776192665100098,63.722397476340696
potI,281,30540.227700000003,9.813071250915527,63.345195729537366
ybjO,162,18517.8118,9.722493171691895,57.407407407407405
rlmC,375,41955.32399999999,6.661666297912599,51.2
artJ,243,26829.1473,6.833604240417481,46.09053497942387
artM,222,24913.4678,9.01804714202881,60.810810810810814
artQ,238,26216.8033,9.227182579040527,60.924369747899156
artI,243,26929.2203,5.791916084289551,44.03292181069959
artP,242,27021.7413,6.167280769348144,47.107438016528924
ybjP,171,18991.0953,6.052181816101075,41.52046783625731
ybjQ,107,11436.824,4.9019880294799805,43.925233644859816
amiD,276,31072.0502,7.070111274719238,52.53623188405797
ybjS,337,38085.2432,8.809556388854983,46.29080118694362
ybjT,476,53674.3319,8.901165962219238,52.3109243697479
ltaE,333,36494.294200000004,5.806694221496582,49.549549549549546
poxB,572,62010.69859999999,5.8608617782592765,49.47552447552447
hcr,322,35739.542199999996,5.518691062927245,48.13664596273292
hcp,550,60063.15899999999,5.172996330261229,48.36363636363637
lysO,299,32339.6748,9.180507469177247,62.54180602006689
aqpZ,231,23702.4879,6.959332084655761,60.17316017316018
ybjD,552,63588.444299999996,9.352251243591308,46.01449275362319
ybjX,330,38357.1391,9.437027168273925,46.06060606060606
macA,371,40623.4205,8.971178627014162,47.43935309973046
macB,648,70701.6386,5.957715415954591,49.53703703703704
cspD,74,7968.880899999999,5.807489967346191,44.5945945945946
yljB,24,2706.8981,4.359459877014161,41.66666666666667
clpS,106,12178.9263,4.936148262023924,50.943396226415096
clpA,758,84205.8963,5.910595893859862,44.06332453825858
infA,72,8249.4859,9.220477867126462,41.66666666666667
aat,234,26618.2104,6.755052757263184,47.43589743589743
cydC,573,62919.3832,8.754435920715334,51.832460732984295
cydD,588,65055.3721,5.996934318542479,53.91156462585034
trxB,321,34622.6365,5.295427513122559,42.99065420560748
lrp,164,18886.5556,8.903809165954591,42.68292682926829
ftsK,1329,146642.85270000002,4.91653881072998,50.71482317531979
lolA,203,22496.7723,6.278230476379394,40.88669950738916
rarA,447,49593.4371,6.010007286071777,48.322147651006716
serS,430,48413.476,5.339648246765137,43.95348837209303
dmsA,814,90397.60710000001,6.4201574325561515,43.980343980343974
dmsB,205,22868.737699999998,6.155856132507323,40.487804878048784
dmsC,287,30825.881799999996,9.1507230758667,64.45993031358886
ycaC,208,23100.0225,5.200620079040527,49.03846153846153
ycaD,382,41431.094300000004,9.622889518737793,59.947643979057595
ycaM,476,52495.8759,9.259416770935058,61.5546218487395
ycaN,302,34293.998799999994,6.108850288391112,48.01324503311258
ycaK,196,23035.8866,5.18675136566162,48.97959183673469
pflA,246,28203.9893,6.001765632629394,41.86991869918699
pflB,760,85356.2412,5.690401649475096,45.526315789473685
focA,285,30958.3308,6.456307029724121,58.94736842105262
ycaO,586,65650.771,4.379296684265137,48.634812286689424
ycaP,230,26281.7103,5.991023063659667,53.47826086956522
serC,362,39782.8424,5.368749809265137,49.72375690607735
aroA,427,46095.263,5.366362571716309,47.7751756440281
ycaL,254,26739.8068,7.008782005310058,42.125984251968504
cmk,227,24746.0363,5.559274101257324,51.10132158590308
rpsA,557,61157.297099999996,4.892439079284667,42.36983842010772
ihfB,94,10651.0173,9.343805885314943,39.361702127659576
ycaI,754,84473.0125,8.771391105651855,55.437665782493376
msbA,582,64459.979199999994,8.620406150817871,48.45360824742268
lpxK,328,35588.859399999994,8.779836463928223,51.52439024390244
ycaQ,410,47655.3105,8.704924201965333,48.536585365853654
ycaR,60,6854.903899999999,4.9061372756958,46.666666666666664
kdsB,248,27614.1142,5.146850395202636,50.403225806451616
ycbJ,297,34487.2727,6.612443733215333,48.148148148148145
elyC,259,28665.976099999996,9.218285942077635,53.28185328185329
cmoM,261,29813.914,7.72097454071045,46.36015325670498
mukF,440,50578.2819,4.75181941986084,45.909090909090914
mukE,234,26974.184999999998,4.923245811462402,44.44444444444444
mukB,1486,170228.1595,5.2369401931762685,41.520861372812924
ldtD,615,67811.6842,8.634460258483887,50.73170731707317
mepK,182,20354.12,10.26796016693115,45.604395604395606
gloC,215,23783.767499999998,4.946265602111816,46.04651162790698
aspC,396,43572.8376,5.5438138961791985,46.96969696969697
ompF,362,39332.7982,4.760231590270995,43.370165745856355
asnS,466,52569.793699999995,5.1723142623901355,47.42489270386266
pncB,400,45896.7234,6.207977485656738,47.25
pepN,870,98917.745,5.141848564147948,47.701149425287355
ssuB,255,27737.769099999998,6.5398035049438485,49.01960784313725
ssuC,263,28925.081699999995,9.621535682678221,61.21673003802282
ssuD,381,41735.7312,5.693925666809082,49.60629921259843
ssuA,319,34557.2953,9.061563301086426,52.03761755485894
ssuE,191,21253.0452,6.366728782653809,52.35602094240838
elfA,179,18679.663800000002,4.268233299255372,43.575418994413404
elfD,233,25388.233099999998,9.605740928649901,47.63948497854077
elfC,866,95240.7664,5.41461887359619,43.302540415704385
elfG,356,37850.2807,5.055339622497558,46.62921348314607
ycbU,180,18913.3318,4.9153451919555655,46.666666666666664
ycbV,171,18511.7514,5.213465690612792,44.44444444444444
ycbF,236,25852.5344,9.689936637878418,50.0
pyrD,336,36774.0758,7.660782051086426,47.32142857142857
zapC,180,20588.5593,5.203462028503417,51.66666666666667
ycbX,369,40611.8797,7.686984825134279,46.34146341463415
rlmL,702,78853.16799999999,8.96434497833252,45.58404558404558
uup,635,72066.00829999999,5.355449485778809,43.1496062992126
pqiA,417,46463.0274,8.149980354309083,58.033573141486805
pqiB,546,60519.7316,7.7380262374877935,45.604395604395606
pqiC,187,20634.140900000002,5.806523704528809,47.05882352941176
rmf,55,6507.4205,10.864808464050292,38.18181818181819
fabA,172,18968.8386,6.125560951232909,48.25581395348838
ycbZ,586,65799.8289,4.68918285369873,47.098976109215016
matP,150,17693.150400000002,9.51922435760498,40.666666666666664
ompA,346,37200.3005,5.9887495040893555,45.95375722543353
sulA,169,18801.1678,6.582830619812013,44.97041420118343
sxy,209,24146.7316,9.082193183898926,46.889952153110045
yccS,717,81666.5826,6.783301734924316,52.998605299860536
yccF,148,16275.1594,9.41220684051514,58.108108108108105
helD,684,77975.2451,8.38071269989014,46.198830409356724
mgsA,152,16918.3812,6.120218086242674,52.63157894736842
csgI,220,24593.8278,5.293097114562988,47.27272727272727
yccU,137,14700.9538,6.722825050354005,52.55474452554745
hspQ,105,11779.062399999999,4.533444023132325,48.57142857142857
rlmI,396,44356.402799999996,7.601555824279786,46.717171717171716
yccX,92,10299.6374,8.660892295837403,41.30434782608695
tusE,109,12410.202000000001,6.597267723083497,48.62385321100918
yccA,219,23362.5425,8.951128959655765,58.44748858447488
hyaA,372,40680.94,6.743684959411622,45.96774193548387
hyaB,597,66252.6147,5.613327980041503,47.571189279731996
hyaC,235,27596.992599999998,9.359471702575682,58.29787234042553
hyaD,195,21546.1694,4.811386680603028,50.76923076923077
hyaE,132,14889.611,4.492519950866699,49.24242424242424
hyaF,285,31430.3535,4.638596153259278,47.719298245614034
appC,514,57919.16590000001,6.805753135681152,58.17120622568094
appB,378,42423.342,8.8129732131958,63.75661375661375
appX,30,3597.4436000000005,7.953480720520019,70.0
appA,432,47056.2735,6.263679695129395,46.75925925925926
etk,726,81240.6799,6.221789360046387,44.90358126721763
etp,148,16385.7662,9.389385032653806,46.62162162162162
gfcE,379,41740.2577,5.744512367248535,48.02110817941953
gfcD,698,78686.18680000001,5.827156257629395,45.845272206303726
gfcC,248,27295.781,5.338909339904785,52.016129032258064
gfcB,214,24235.229499999998,6.34564151763916,44.39252336448598
gfcA,101,9507.3962,5.977950096130371,40.5940594059406
insA4,91,9870.230899999999,10.322113609313963,35.16483516483517
insB4,167,19699.5612,10.16139392852783,45.50898203592814
cspH,70,7701.8885,10.275954246520993,44.285714285714285
cspG,70,7780.6320000000005,5.636461448669433,41.42857142857143
ymcF,62,7086.0831,8.410432624816899,38.70967741935484
ymcE,76,8727.080300000001,6.10759983062744,52.63157894736842
gnsA,57,6543.476199999999,5.399101829528808,40.35087719298245
yccM,357,40096.5811,9.59955196380615,57.14285714285714
torS,914,100991.0599,5.386426734924316,46.498905908096276
torT,342,37864.2218,9.095344734191894,51.16959064327485
torR,230,26232.8873,6.095549964904785,46.08695652173913
torC,390,43606.0714,7.977334022521973,41.53846153846154
torA,848,94454.80350000001,6.413052558898925,45.636792452830186
torD,199,22573.4629,4.750227928161621,50.25125628140703
cbpM,101,11512.094299999999,5.226424980163573,49.504950495049506
cbpA,306,34454.5646,6.326657295227051,44.771241830065364
yccE,418,48354.814099999996,4.47012538909912,43.54066985645933
agp,413,45682.3845,5.483962440490722,46.73123486682809
yccJ,75,8524.3886,4.701516914367674,42.66666666666667
wrbA,198,20845.3096,5.593945884704589,46.464646464646464
ymdF,57,5883.1546,9.868062782287598,17.543859649122805
rutG,442,45556.872299999995,8.808009147644043,60.85972850678733
rutF,164,17749.103499999997,6.166428184509278,46.95121951219512
rutE,196,21570.1289,5.933388328552247,46.42857142857143
rutD,266,28897.784,5.838921928405762,54.13533834586466
rutC,128,13762.6924,5.471003150939941,54.6875
rutB,230,25208.357,5.321914482116699,50.43478260869565
rutA,382,42218.4465,5.101549720764159,48.42931937172775
rutR,212,23687.3334,8.924116706848146,53.301886792452834
putA,1320,143813.4336,5.691254234313964,49.3939393939394
ymdG,8,915.0256999999999,6.50155086517334,37.5
putP,502,54343.5177,8.730711555480958,59.76095617529881
efeO,375,41137.125,4.978663825988768,45.86666666666667
efeB,423,46753.6343,6.426409721374512,45.62647754137116
phoH,354,39264.4421,8.805494880676271,44.35028248587571
pgaD,137,16081.545999999998,9.433159065246581,56.934306569343065
pgaC,441,50765.223,9.030554008483886,55.55555555555556
pgaB,672,77411.8047,5.800555610656737,49.851190476190474
pgaA,807,92205.9849,6.118058204650878,46.71623296158612
dgcT,452,51781.914099999995,6.667804908752442,53.53982300884957
insF4,288,33540.0396,9.81410274505615,43.05555555555556
insE4,99,11543.0052,9.92208728790283,37.37373737373738
ycdU,328,38667.999599999996,9.431096076965332,62.5
ghrA,312,35342.9845,6.317449378967285,49.67948717948718
ycdX,245,26890.2039,5.533810234069824,48.57142857142857
ycdY,184,20724.1141,4.2087797164917,50.0
ycdZ,163,17074.222,9.209002494812012,59.50920245398773
csgG,277,30556.779100000003,6.752381324768066,49.09747292418773
csgF,138,15055.6156,5.591331291198729,41.30434782608695
csgE,129,14878.6063,5.266894340515137,48.06201550387597
csgD,216,24935.1616,9.23317813873291,41.66666666666667
csgB,151,15881.679299999998,9.599423027038572,43.70860927152318
csgA,151,15048.971899999999,4.99577236175537,35.099337748344375
csgC,110,11966.5078,6.535483741760253,40.0
ymdA,103,11193.8815,9.00302600860596,49.51456310679612
ymdB,177,18880.1564,5.444686698913574,49.717514124293785
clsC,473,53647.2359,9.13918323516846,49.2600422832981
opgC,385,44689.8206,9.76407527923584,61.038961038961034
opgG,511,57911.7614,6.699577903747559,45.40117416829745
opgH,847,96936.2385,8.870607948303224,52.5383707201889
yceK,75,8442.7009,5.781400871276855,53.333333333333336
msyB,124,14259.036199999999,4.0500284194946286,41.935483870967744
mdtG,408,43866.7482,10.31308803558349,58.333333333333336
lpxL,306,35406.4492,9.804754829406736,51.633986928104584
trhO,350,39780.8959,6.031719779968261,44.0
yceI,191,20912.1957,5.573256492614745,40.31413612565445
yceJ,188,20736.149299999997,8.833925437927245,60.63829787234043
yceO,46,5897.138599999999,8.179506874084474,71.73913043478261
solA,372,40901.4961,5.142303276062011,47.043010752688176
bssS,84,9663.6536,4.814569664001465,40.476190476190474
dinI,81,8948.8648,4.740849494934082,46.913580246913575
pyrC,348,38826.9433,5.771113014221191,48.85057471264368
yceB,186,20499.5016,6.150513267517089,47.31182795698925
grxB,215,24317.8553,7.868446922302247,49.76744186046512
mdtH,402,44362.715899999996,10.055214500427244,59.950248756218905
rimJ,194,22687.571,9.203393745422364,46.391752577319586
yceH,215,24177.0572,5.020269966125488,42.7906976744186
yceM,307,33649.0671,6.894308280944825,46.579804560260584
murJ,511,55266.7912,10.103436851501463,63.79647749510763
flgN,138,15866.7384,6.413336753845214,35.507246376811594
flgM,97,10340.476999999999,5.295029640197753,39.175257731958766
flgA,219,23518.787099999998,10.193176841735841,49.31506849315068
flgB,138,15240.007799999998,5.031012535095214,44.927536231884055
flgC,134,13967.778199999999,5.233131980895995,51.49253731343284
flgD,231,23574.717399999998,4.184168434143066,38.095238095238095
flgE,402,42044.6882,4.454096794128417,40.79601990049751
flgF,251,25911.8536,4.796381187438965,47.01195219123506
flgG,260,27743.558699999998,4.6791791915893555,40.76923076923077
flgH,232,24615.1694,7.865868186950684,43.96551724137931
flgI,365,38136.9566,9.335876274108887,43.56164383561644
flgJ,313,34474.7679,7.799207878112794,46.96485623003195
flgK,547,57929.162299999996,4.473081016540527,41.86471663619744
flgL,317,34280.6601,4.628649330139161,41.00946372239748
rne,1061,118195.2671,5.476004981994628,44.95758718190386
yceQ,106,12067.8029,8.95461025238037,39.62264150943396
rluC,319,36026.126099999994,9.849882698059083,43.260188087774296
yceF,194,21690.544299999998,5.886723518371581,44.329896907216494
yceD,173,19314.7011,4.446480369567872,47.97687861271676
rpmF,57,6446.3097,11.031974983215331,33.33333333333333
plsX,356,38195.9406,9.279079627990722,48.59550561797753
fabH,317,33514.7413,5.077506828308104,48.580441640378545
fabD,309,32416.846999999998,4.946947669982909,54.0453074433657
fabG,244,25560.0137,6.763351249694825,47.540983606557376
acpP,78,8639.4165,4.0500284194946286,41.02564102564102
fabF,413,43013.2184,5.717457008361817,46.00484261501211
pabC,269,29714.749999999996,6.0813402175903315,45.72490706319702
mltG,340,38246.9327,9.420265388488769,49.411764705882355
tmk,213,23782.848599999998,5.326461601257324,45.539906103286384
holB,334,36936.128899999996,6.561174964904786,52.09580838323353
ycfH,265,29808.421000000002,5.191412162780761,46.79245283018868
ptsG,477,50675.9252,8.764686393737794,58.490566037735846
fhuE,729,81231.66350000001,4.751535224914551,42.249657064471876
hinT,119,13209.0595,5.737805366516113,49.57983193277311
ycfL,125,13980.9359,6.959047889709471,51.2
lpoB,213,22515.397299999997,6.412086296081543,48.82629107981221
thiK,274,32364.8226,9.820227241516111,51.45985401459854
nagZ,341,37562.252,5.8673414230346665,46.33431085043988
ycfP,180,21225.928699999997,6.131983757019043,41.66666666666667
ndh,434,47340.094,8.963506889343265,46.08294930875576
ycfJ,179,18888.144,9.300160789489745,39.66480446927375
comR,210,23361.472299999998,6.519341468811036,44.285714285714285
bhsA,85,8814.9413,8.087188148498537,44.70588235294118
ldtC,320,34603.4444,8.892075920104983,51.5625
mfd,1148,129981.1642,5.786630058288575,47.5609756097561
ycfT,357,40833.1452,9.455722999572757,61.904761904761905
lolC,399,43263.2712,6.042860221862793,55.388471177944865
lolD,233,25437.988599999997,7.85039577484131,44.20600858369099
lolE,414,45343.6645,8.923987770080569,55.31400966183575
nagK,303,33042.296899999994,5.260073661804199,48.51485148514851
cobB,279,31463.670699999995,7.787990379333496,46.236559139784944
cobB,279,31463.670699999995,7.787990379333496,46.236559139784944
ycfZ,262,28864.4977,8.81574535369873,55.72519083969466
ymfA,153,17415.7417,9.329622840881349,48.36601307189542
potD,348,38866.6028,5.242055702209471,49.42528735632184
potC,264,29110.600899999998,9.677752113342287,60.984848484848484
potB,275,31029.541799999995,9.437929725646974,65.45454545454545
potA,378,43027.7235,5.190275382995604,44.70899470899471
pepT,408,44922.916,5.360110282897949,46.07843137254902
roxA,373,42578.3883,4.693786811828613,49.597855227882036
phoQ,486,55298.9557,5.548815727233887,48.148148148148145
phoP,223,25534.91,5.09813938140869,47.53363228699551
purB,456,51542.1581,5.675225639343262,48.026315789473685
hflD,213,22915.216500000002,9.33967990875244,48.35680751173709
mnmA,368,40958.9373,4.935523033142089,44.29347826086957
nudJ,153,17432.713799999998,5.0432329177856445,49.01960784313725
rluE,217,24880.038999999997,10.026526069641115,43.31797235023041
icd,416,45756.1841,5.151624870300291,48.07692307692308
ymfD,221,25146.6109,8.965183067321778,42.98642533936652
ymfE,234,27546.213699999997,9.086383628845216,57.26495726495726
lit,297,33761.9827,5.715410804748536,43.43434343434344
intE,375,42798.490099999995,10.050250434875487,44.0
xisE,81,9286.7009,9.648096656799318,46.913580246913575
ymfH,103,10930.588399999999,9.494017219543458,48.54368932038835
ymfI,113,12882.601599999998,4.848275184631347,44.24778761061947
ymfJ,102,11458.3088,9.097214317321779,46.07843137254902
ymfK,224,25094.3783,6.216958045959472,42.410714285714285
ymfT,66,7402.395100000001,9.435415458679199,43.93939393939394
ymfL,185,20179.427499999998,4.815820121765137,48.10810810810811
ymfM,112,12155.6351,9.332266044616702,39.285714285714285
ymfN,455,50870.8458,5.03629856109619,45.05494505494506
ymfR,60,6380.6723999999995,9.100502204895019,70.0
beeE,157,17577.0673,8.709050178527832,47.13375796178344
ymfQ,194,21643.2924,5.06204662322998,46.90721649484536
ycfK,209,22019.469899999996,5.34135341644287,45.45454545454545
tfaP,137,15434.280900000002,4.490303230285644,46.715328467153284
tfaE,200,21661.721800000003,4.549074745178221,45.0
pinE,184,20572.579599999997,9.93794651031494,42.934782608695656
mcrA,277,31389.4647,7.072555351257324,41.87725631768953
iraM,107,12133.351299999998,9.025461006164551,50.467289719626166
ymgK,14,1588.9316,10.000867652893067,57.14285714285714
ymgL,36,4303.077,6.511611366271972,52.77777777777778
ycgX,134,15768.9321,9.076133155822756,45.52238805970149
bluR,243,28232.124499999998,8.035291099548338,47.73662551440329
bluF,403,45294.5217,5.042607688903809,49.37965260545906
ycgZ,78,8768.884600000001,6.405549812316894,38.46153846153847
ymgA,90,10344.7628,9.89127140045166,37.77777777777778
ariR,88,9693.905,4.60369701385498,44.31818181818182
ymgC,82,9701.099100000001,5.167141914367673,46.34146341463415
pdeG,507,56905.212,6.510929298400878,52.26824457593688
ymgF,72,8254.7117,8.273695182800296,58.333333333333336
ymgD,109,11851.699799999999,5.377446174621583,51.37614678899083
ymgG,114,10788.6428,10.467231941223144,45.614035087719294
ymgI,57,6517.732899999999,5.538186836242674,57.89473684210527
ymgJ,61,7329.756600000001,10.69454746246338,45.90163934426229
minE,88,10234.7831,5.1469640731811515,47.72727272727273
minD,270,29613.678699999997,5.245863914489745,45.18518518518518
minC,231,24775.2332,6.380370140075684,49.78354978354979
ycgJ,122,13414.2639,5.444857215881346,40.98360655737705
pliG,133,14905.6273,9.498014259338383,39.849624060150376
ymgN,19,2079.3801,8.496433448791507,42.10526315789473
ycgL,108,12414.3648,9.162069511413574,44.44444444444444
ycgM,219,23710.8367,5.87899341583252,46.57534246575342
ycgN,153,17910.208599999998,4.898805046081542,41.830065359477125
hlyE,303,33758.0939,5.078302574157713,45.21452145214521
umuD,139,15063.206199999999,4.534694480895996,53.23741007194245
umuC,422,47679.1747,9.10243625640869,44.07582938388626
dsbB,176,20141.9674,8.795889091491702,63.06818181818182
nhaB,513,56727.7178,5.945836067199706,60.03898635477582
fadR,239,26968.2628,6.506893730163574,46.44351464435147
ycgB,510,60813.1553,5.663516807556152,45.09803921568628
dadA,432,47606.7473,6.1742151260375975,47.22222222222222
dadX,356,38844.1808,6.558219337463378,49.71910112359551
ymgM,67,7676.666499999999,9.034551048278807,50.74626865671642
cvrA,578,62266.56,5.167653465270994,57.95847750865052
ldcA,304,33567.0666,6.0979940414428695,47.368421052631575
emtA,203,22194.2208,9.162907600402832,51.231527093596064
ycgR,244,27824.744599999998,8.99251766204834,48.36065573770492
ymgE,84,8774.6064,9.489633369445801,61.904761904761905
ycgY,146,16662.5865,5.388359260559082,43.15068493150685
treA,565,63635.95640000001,5.599516105651855,46.54867256637168
dhaM,472,51448.0239,4.6114839553833,48.940677966101696
dhaL,210,22631.507599999997,5.308727836608886,44.285714285714285
dhaK,356,38214.766,4.815422248840332,44.10112359550562
dhaR,639,70561.0097,6.144317817687988,46.635367762128325
ycgV,955,99683.57149999999,4.998955345153808,39.89528795811518
ychF,363,39666.854999999996,4.870328712463378,46.83195592286501
pth,194,21049.973599999998,9.043641090393066,47.93814432989691
ychH,92,10486.1675,10.362406349182127,50.0
dauA,559,59396.2911,9.038483619689941,61.001788908765654
prs,315,34185.82,5.231597328186035,49.523809523809526
ispE,283,30925.0009,5.125763130187988,48.76325088339223
lolB,207,23550.4882,8.885822486877444,44.44444444444444
hemA,418,46306.272099999995,5.460715293884278,46.172248803827756
prfA,360,40516.846699999995,5.145884132385253,40.27777777777778
prmC,277,30974.627599999996,4.841454505920409,47.292418772563174
ychQ,130,14638.6072,10.74605770111084,63.84615384615384
ychA,269,30841.006599999997,4.464725685119628,50.92936802973978
kdsA,284,30832.3438,6.319609260559083,48.59154929577465
ldrA,35,4013.7754999999997,10.834443855285645,68.57142857142857
ldrB,35,3971.6958000000004,10.834443855285645,65.71428571428571
ldrC,35,4013.7754999999997,10.834443855285645,68.57142857142857
chaA,366,39167.9849,6.148694419860839,60.92896174863388
chaB,76,8944.714199999999,6.501437187194824,36.84210526315789
chaC,231,25479.9374,4.877547264099121,48.917748917748916
ychN,117,12692.601999999999,5.017541694641112,47.863247863247864
ychO,464,52081.103800000004,5.162878990173339,42.887931034482754
narL,216,23926.524400000002,5.72649440765381,47.22222222222222
narX,598,67083.1865,6.273399162292479,44.98327759197324
narK,463,49692.8349,9.679041481018068,57.45140388768899
narG,1247,140487.7403,6.052124977111816,44.025661587810745
narH,512,58065.788400000005,6.361954307556151,44.7265625
narJ,236,26448.5338,4.756650733947754,49.152542372881356
narI,225,25497.0712,9.774196815490722,58.22222222222222
ychS,91,9606.795999999998,9.145049858093262,46.15384615384615
tpr,29,3446.8048,11.903329658508298,24.137931034482758
purU,280,31934.3405,6.4963785171508786,48.214285714285715
ychJ,152,16958.176799999997,7.04692096710205,42.76315789473684
rssA,301,33066.693799999994,6.250152015686036,48.837209302325576
rssB,337,37301.792,5.560581398010252,50.74183976261127
galU,302,32941.898199999996,5.10802936553955,50.331125827814574
hns,137,15539.455999999998,5.436274528503417,39.416058394160586
tdk,205,23456.311999999998,5.979712104797363,42.926829268292686
adhE,891,96126.0894,6.324042701721192,49.607182940516275
ychT,17,1882.2730000000001,9.992422294616702,58.82352941176471
ychE,215,23488.8625,9.64029598236084,59.53488372093023
insH21,326,37850.9642,9.492985725402832,43.86503067484663
oppA,543,60898.16039999999,6.053545951843262,46.96132596685083
oppB,306,33442.7972,9.78322238922119,62.745098039215684
oppC,302,33021.5363,5.434967231750488,56.95364238410596
oppD,337,37188.0662,5.776569557189941,50.74183976261127
oppF,334,37197.1262,7.6470838546752935,49.700598802395206
yciU,109,12686.866699999999,4.0500284194946286,46.788990825688074
clsA,486,54821.7232,8.477092933654788,55.349794238683124
yciY,57,7102.2863,11.999967765808105,33.33333333333333
kch,417,46029.967099999994,6.126129341125488,51.55875299760192
yciI,98,10569.8395,5.1885702133178695,55.10204081632652
tonB,239,26093.9289,9.616184806823732,52.30125523012552
yciA,132,14230.3973,7.71966724395752,50.0
yciB,179,20789.8998,9.649257087707518,67.0391061452514
yciC,247,26418.511199999997,10.000738716125486,62.75303643724697
ompW,212,22927.55,6.028877830505371,47.64150943396226
yciE,168,18961.2368,4.93938808441162,42.857142857142854
yciF,166,18596.944,5.47390193939209,42.168674698795186
yciG,59,6002.2737,9.868062782287598,16.94915254237288
trpA,268,28723.8089,5.314354896545409,54.850746268656714
trpB,397,42982.5358,5.70904483795166,45.5919395465995
trpC,453,49491.724,5.510619926452636,49.668874172185426
trpD,531,56869.2708,6.045133781433106,49.52919020715631
trpE,520,57493.8178,5.3177083969116214,46.92307692307692
trpL,14,1723.0918,11.16600475311279,57.14285714285714
rnm,293,32561.555299999996,6.386338233947753,45.39249146757679
yciO,206,23211.495899999998,5.968742179870605,44.66019417475729
yciQ,631,71288.1866,8.199105262756348,49.920760697305866
rluB,291,32710.9842,10.029427146911619,39.86254295532646
btuR,196,21998.628500000003,6.0774751663207995,42.3469387755102
yciK,252,27932.6175,7.66640911102295,45.63492063492063
sohB,349,39333.9118,9.241430091857907,45.55873925501432
yciN,83,9385.5189,5.473845100402832,42.168674698795186
topA,865,97348.6539,8.678040885925292,42.42774566473989
cysB,324,36150.015,6.872709465026856,49.074074074074076
ymiA,46,5337.3607999999995,10.931339836120607,63.04347826086957
yciX,55,6337.8141,4.0500284194946286,32.72727272727273
ymiC,31,3822.5405,6.501209831237793,64.51612903225806
acnA,891,97676.0683,5.5934343338012695,46.801346801346796
ribA,196,21835.724700000002,5.596219444274902,45.40816326530612
pgpB,254,29020.8837,10.131093788146973,57.48031496062992
lapA,102,11319.2701,9.650353050231931,59.80392156862745
lapB,389,44530.5035,5.987840080261231,45.501285347043705
pyrF,245,26349.952100000002,5.8132307052612315,50.61224489795918
yciH,108,11396.104299999999,9.375330924987793,36.11111111111111
osmB,72,6947.993799999999,10.028460121154787,45.83333333333333
yciT,249,27602.2927,5.985907554626464,42.971887550200805
yciZ,57,6441.281300000001,4.528499031066894,54.385964912280706
ymiD,42,4936.7323,9.843049049377441,50.0
pdeR,661,74664.1167,6.281811332702637,45.53706505295008
ymiB,34,4121.9495,10.294907951354979,61.76470588235294
rnb,644,72489.9123,5.401773262023925,47.82608695652174
yciW,375,42219.399900000004,5.952543067932129,45.6
fabI,262,27863.636099999996,5.577007865905761,50.0
ycjD,117,13956.600299999998,9.252905464172361,39.31623931623932
sapF,268,30570.177999999996,9.324078559875488,46.26865671641791
sapD,330,37660.2848,9.205069923400881,45.151515151515156
sapC,296,31547.7557,5.182886314392088,61.14864864864865
sapB,321,36037.5985,9.095473670959475,61.059190031152646
sapA,547,61564.1332,6.846847724914551,48.9945155393053
ymjA,81,9321.2133,4.234016227722168,49.382716049382715
puuP,461,50852.3875,9.3281400680542,60.520607375271155
ymjE,54,5970.8423999999995,9.38029499053955,48.148148148148145
puuA,472,53176.5796,4.826619529724121,46.61016949152542
puuD,254,28012.695699999997,5.4203596115112305,48.818897637795274
puuR,185,20091.338,5.321175575256347,39.45945945945946
puuC,495,53417.9723,5.705122947692872,47.878787878787875
puuB,426,47168.9902,6.334898948669434,45.774647887323944
puuE,421,44728.5441,5.784697532653809,51.06888361045131
pspF,325,36986.032100000004,5.52556858062744,47.69230769230769
pspA,222,25492.6486,5.385346794128417,40.090090090090094
pspB,74,8762.993900000001,6.721460914611817,51.35135135135135
pspC,119,13516.696799999998,6.242194557189941,54.621848739495796
pspD,73,8041.6312,11.905972862243651,56.16438356164384
pspE,104,11475.1766,7.86406307220459,49.03846153846153
ycjM,559,64185.015799999994,5.8838815689086905,45.796064400715565
ycjN,430,46807.8642,4.941547966003417,46.51162790697674
ycjO,293,33225.03049999999,9.569187355041503,63.82252559726962
ycjP,280,31249.9776,8.813811302185059,62.142857142857146
ycjQ,350,38216.0789,5.516872215270994,48.57142857142857
ycjR,262,29831.461899999995,5.3102624893188475,46.18320610687023
ycjS,351,38619.644100000005,5.634642601013183,47.008547008547005
ycjT,755,84866.45109999999,5.486918067932128,45.16556291390729
ycjU,219,23564.6374,5.347719383239746,48.858447488584474
ompG,301,34912.8303,4.453642082214355,43.521594684385384
ycjW,332,36133.7499,5.737407493591309,46.98795180722892
ycjX,465,52608.851800000004,8.245586967468263,49.46236559139785
ycjF,353,39391.7389,8.74296054840088,47.875354107648725
tyrR,513,57655.4693,5.543302345275878,47.758284600389864
tpx,168,17835.0949,4.749773216247559,50.0
ycjG,321,34673.6285,4.9607027053833,50.77881619937694
mpaA,242,26557.687899999997,5.571608161926269,47.5206611570248
ymjC,60,6724.861499999999,10.81903591156006,41.66666666666667
ymjD,21,2464.7804,6.692075157165529,42.857142857142854
ycjY,306,33658.1257,5.029136848449707,47.385620915032675
pgrR,299,33481.382600000004,9.066398429870606,49.163879598662206
mppA,537,59899.437,8.44472980499268,48.23091247672253
ynaI,343,38754.0315,9.362630653381348,52.47813411078717
insH4,326,37850.9642,9.492985725402832,43.86503067484663
ynaJ,85,9339.1336,9.100179862976074,61.1764705882353
uspE,316,35706.447400000005,5.156910896301268,50.31645569620253
fnr,250,27966.905899999998,8.249519538879394,41.199999999999996
ogt,171,19178.8557,8.477157402038575,46.198830409356724
abgT,508,54885.1931,9.24188137054443,64.37007874015748
abgB,481,52193.0071,5.437809181213378,46.15384615384615
abgA,436,46587.6743,5.506925392150878,47.477064220183486
abgR,302,34057.7388,7.68976993560791,45.6953642384106
smrA,187,21512.238400000002,9.24065647125244,42.24598930481284
dgcM,410,46451.6536,6.34433422088623,45.609756097560975
ynaN,15,1992.422,11.834348487854005,46.666666666666664
zntB,327,36579.678,5.127638816833495,48.01223241590214
ynaL,57,6427.4373,5.636234092712402,57.89473684210527
dbpA,457,49155.143500000006,7.7032976150512695,48.14004376367615
ttcA,311,35560.533599999995,5.953111457824707,43.08681672025724
intR,411,47538.4709,9.905325508117674,42.579075425790755
xisR,71,8455.6881,9.24955310821533,47.88732394366197
rcbA,69,7862.991900000001,9.654221153259279,31.88405797101449
ralR,64,7018.8266,9.141955375671387,31.25
recT,269,29720.702699999998,8.440926170349123,44.60966542750929
recE,866,96367.147,4.69958438873291,42.494226327944574
racC,91,10015.5564,5.643509483337403,43.956043956043956
ydaE,56,6583.685799999999,7.699944114685059,37.5
kilR,73,8433.7064,9.726619148254393,43.83561643835616
sieB,162,19243.5459,9.86232509613037,53.70370370370371
ydaF,51,5768.4726,8.978850364685059,33.33333333333333
ydaG,44,5193.8907,4.826278495788574,50.0
racR,158,17662.9008,7.88121166229248,44.936708860759495
ydaS,98,10975.4189,8.94867916107178,39.795918367346935
ydaT,140,15742.7765,7.066473579406738,45.714285714285715
ydaU,285,32508.641699999996,8.835601615905762,45.614035087719294
ydaV,248,28127.8545,9.22827854156494,40.725806451612904
ydaW,186,20049.6415,5.556375312805175,45.69892473118279
rzoR,61,6761.1615,9.056921577453611,57.377049180327866
trkG,485,53943.123199999995,8.724715995788571,56.08247422680412
ynaK,87,9787.197,6.268908882141113,45.97701149425287
ydaY,119,13473.0291,5.402341651916504,42.016806722689076
ynaA,342,37059.71859999999,6.092992210388182,43.567251461988306
lomR,74,8670.515599999999,9.3576021194458,40.54054054054054
insH5,326,37776.92049999999,9.555262184143068,43.86503067484663
stfR,1120,113778.8549,7.328273963928223,41.60714285714286
tfaR,191,21336.5811,4.485528755187987,48.167539267015705
pinR,196,21908.173000000003,9.846272468566895,40.30612244897959
ynaE,77,8751.0977,9.396992301940916,44.15584415584416
ynaM,37,4012.7528,6.499106788635253,54.054054054054056
uspF,144,16016.335599999999,5.60275592803955,51.388888888888886
ompN,377,41219.3433,4.470352745056151,42.44031830238727
ydbK,1174,128822.9354,5.523295021057128,48.21124361158432
ydbJ,88,8695.901600000001,7.584333610534669,46.590909090909086
hslJ,140,15165.4876,6.720892524719238,44.285714285714285
ldhA,329,36534.378899999996,5.285082817077636,46.504559270516715
ydbH,879,96833.5472,5.667325019836426,48.009101251422074
ynbE,61,6840.0533000000005,4.940126991271971,52.459016393442624
ydbL,108,11877.6408,9.442700386047363,47.22222222222222
feaR,301,34619.9402,6.402196311950684,43.18936877076412
feaB,499,53698.5016,5.3385114669799805,48.296593186372746
tynA,757,84377.62449999999,5.560524559020995,47.29194187582563
paaZ,681,73001.77500000001,6.0167142868041985,48.751835535976504
paaA,309,35466.8141,6.112431144714355,44.983818770226534
paaB,95,10942.1253,5.914688301086425,45.26315789473684
paaC,248,27877.1416,4.891529655456543,47.17741935483871
paaD,165,18323.894,5.6113386154174805,48.484848484848484
paaE,356,39319.5227,5.943619346618653,44.9438202247191
paaF,255,27237.0575,7.723077583312987,50.19607843137255
paaG,262,28404.297999999995,6.438004875183105,47.32824427480916
paaH,475,51732.0001,5.645328330993652,51.1578947368421
paaI,140,14850.608099999998,6.262258720397949,43.57142857142857
paaJ,401,42276.0874,6.033311271667479,48.87780548628429
paaK,437,48952.321299999996,6.181831550598144,42.79176201372998
paaX,316,35294.2833,7.0972803115844725,50.31645569620253
paaY,196,21324.3266,6.158300209045408,47.44897959183674
ynbG,21,2657.1189,9.581887626647948,47.61904761904761
ydbA,852,87129.0511,4.071911430358887,33.33333333333333
insD2,301,34365.6654,9.212354850769042,42.19269102990033
insC2,121,13451.4657,9.518515205383299,47.107438016528924
insI2,57,6614.5473,9.580662727355957,40.35087719298245
pdxI,286,30705.6134,5.319413566589356,49.65034965034965
ydbD,768,86715.3523,5.289573097229003,48.828125
ynbA,201,22523.8317,8.423842048645021,62.189054726368155
ynbB,298,33053.4758,9.243106269836424,59.73154362416108
ynbC,585,65454.833399999996,8.903422355651855,48.205128205128204
ynbD,430,49544.0222,8.951064491271975,56.04651162790698
azoR,201,21657.435899999997,5.063012886047362,51.243781094527364
hrpA,1300,149026.07789999997,7.887465095520018,45.30769230769231
ydcF,266,29705.353900000002,5.501127815246581,49.24812030075188
aldA,479,52272.1715,5.066480064392089,50.52192066805845
cybB,176,20286.2004,9.954063606262206,61.93181818181818
ydcA,57,5859.821599999999,9.507748985290526,36.84210526315789
yncP,22,2399.9820999999997,9.500012779235842,59.09090909090909
hokB,49,5625.7608,8.632139396667483,51.02040816326531
mokB,55,5893.470299999999,6.224062919616699,47.27272727272727
trg,546,58898.1409,6.113681602478027,45.604395604395606
ydcI,307,33401.1172,7.8226099014282235,46.579804560260584
ydcJ,447,51042.0479,5.352834892272949,44.29530201342282
opgD,551,62757.2314,5.8929758071899405,46.82395644283122
ydcH,74,8878.166000000001,9.299516105651854,37.83783783783784
rimL,179,20680.3089,5.858417701721191,43.575418994413404
ydcK,326,35848.827300000004,5.048859977722167,45.70552147239264
tehA,330,35931.9392,8.843144416809082,59.696969696969695
tehB,197,22530.4758,6.836332511901856,45.17766497461929
ydcL,222,24426.685299999997,8.40140705108643,45.4954954954955
insQ,402,45707.952399999995,10.33049449920654,41.04477611940299
ydcO,391,40582.876000000004,8.705117607116701,64.70588235294117
sutR,178,19731.072,5.749798393249511,44.38202247191011
rlhA,653,72668.88359999999,6.709126853942871,45.48238897396631
yncJ,76,8708.7545,6.498822593688964,42.10526315789473
hicA,58,6749.750099999999,10.506944465637208,37.93103448275862
hicB,138,15246.439199999999,4.984006690979004,54.347826086956516
ydcR,468,52792.183099999995,8.845594215393067,50.85470085470085
ydcS,381,42294.6867,7.000995063781737,48.031496062992126
ydcT,337,37040.1696,6.5492956161499025,47.18100890207715
ydcU,313,34359.652,9.549073219299316,66.45367412140575
ydcV,264,28721.518299999996,8.97465991973877,61.36363636363637
patD,474,50829.404800000004,5.65163745880127,48.734177215189874
yncL,31,3538.2305,11.999967765808105,64.51612903225806
ortT,57,6646.0036,9.992099952697757,71.9298245614035
ydcY,77,8799.7781,5.592354393005371,38.961038961038966
ydcZ,149,15854.879700000001,11.346645164489747,61.07382550335571
mnaT,172,19247.463499999998,5.860748100280761,45.93023255813954
curA,345,37609.304,5.525909614562988,45.507246376811594
mcbR,221,25151.1167,6.393386268615722,50.2262443438914
pqqU,700,77259.7538,5.321289253234863,41.42857142857143
yncE,353,38612.461599999995,9.219639778137207,43.05949008498583
ansP,499,54232.433699999994,8.874798393249513,59.318637274549104
yncG,205,23320.588099999997,4.731130027770996,53.170731707317074
yncH,70,8269.981,9.138731956481934,57.14285714285714
ydcD,160,18906.542999999998,8.835859489440917,46.25
yncO,61,7350.6286,7.951030921936035,59.01639344262295
ydcC,378,43078.079399999995,6.97132511138916,42.592592592592595
pptA,77,8672.8551,4.8840837478637695,50.649350649350644
yddH,189,20966.641499999998,5.6690870285034185,48.148148148148145
nhoA,281,32274.188199999997,5.86881923675537,46.263345195729535
yddE,297,32318.411,5.839262962341309,46.801346801346796
narV,226,26017.624699999997,9.902424430847166,57.9646017699115
narW,231,26160.283199999998,4.450118064880371,47.61904761904761
narY,514,58557.27220000001,5.660845375061036,44.74708171206226
narZ,1246,140225.0188,6.2041124343872065,45.18459069020867
narU,462,49889.5403,10.0213041305542,59.523809523809526
yddK,318,36240.4258,5.85222225189209,42.45283018867924
yddL,96,10735.9154,6.718959999084473,41.66666666666667
yddG,293,31539.063700000002,8.979430580139162,61.092150170648466
fdnG,195,21464.3361,9.298162269592286,44.1025641025641
fdnH,294,32238.4062,5.574563789367674,42.517006802721085
fdnI,217,25368.1979,9.969987297058104,57.6036866359447
yddM,94,10400.9719,8.21141872406006,50.0
adhP,336,35379.1794,5.94316463470459,46.726190476190474
maeA,565,63196.58750000001,5.1876039505004865,47.61061946902655
sra,45,5095.7618999999995,11.043579292297363,28.888888888888886
bdm,71,7986.7309000000005,4.051222038269043,46.478873239436616
osmC,143,15087.964999999998,5.570357704162597,42.65734265734265
ddpF,308,34588.4653,7.853425788879394,46.75324675324675
ddpD,328,36099.4597,6.628188133239747,49.08536585365854
ddpC,298,31970.5441,9.634880638122556,59.395973154362416
ddpB,340,37312.4848,5.462704658508301,60.882352941176464
ddpA,516,57640.500100000005,6.287608909606934,46.89922480620155
ddpX,193,21212.8056,5.0452791213989245,49.740932642487046
dosP,799,90259.33489999999,5.341467094421386,47.43429286608261
dosC,460,53177.0289,5.885132026672363,46.30434782608695
yddY,13,1480.7937,5.585420036315917,61.53846153846154
digH,439,49573.7163,9.249746513366699,46.69703872437358
gadC,511,55075.9979,8.75546741485596,61.839530332681015
gadB,466,52667.535,5.287583732604979,47.63948497854077
pqqL,931,104655.1874,5.954759788513184,45.22019334049409
yddB,790,89281.7784,6.0060853958129865,40.50632911392405
yddA,561,64984.0358,9.30744571685791,49.73262032085562
yneP,40,4710.637299999999,10.177446556091308,50.0
ydeM,385,44517.39599999999,8.153655052185059,43.116883116883116
ydeN,560,62801.467699999994,5.669996452331543,44.82142857142858
ydeO,253,28724.927099999997,9.04538173675537,44.66403162055336
safA,65,7271.525100000001,8.230114555358888,50.76923076923077
ydeP,759,83494.1388,6.3088666915893565,45.98155467720685
ydeQ,304,32069.1618,7.616959190368653,46.71052631578947
ydeR,167,18144.254500000003,6.090150260925292,42.51497005988024
ydeS,176,18948.318399999996,5.791006660461425,43.75
ydeT,382,41615.4182,6.158925437927246,39.52879581151832
hipA,440,49275.213,8.257771492004395,49.09090909090909
hipB,88,10016.2711,6.166655540466309,39.77272727272727
lsrK,530,57544.1862,5.2537645339965815,50.0
lsrR,317,33796.454000000005,6.22741641998291,46.68769716088328
lsrA,511,55820.6347,6.817461967468262,45.596868884540115
lsrC,342,36394.335699999996,9.933304786682129,60.23391812865497
lsrD,330,34455.9356,8.88124523162842,62.42424242424243
lsrB,340,36684.4059,7.6350908279418945,47.94117647058824
lsrF,291,31892.4136,6.092935371398924,48.45360824742268
lsrG,96,11254.6505,5.676419258117675,43.75
tam,252,29005.612100000002,4.855095863342284,53.17460317460318
yneE,304,34808.5259,7.7016492843627935,56.57894736842105
uxaB,483,54775.544200000004,4.991452598571777,49.4824016563147
dgcF,315,34303.894,7.731830787658691,53.65079365079365
yneG,119,13543.6282,9.800822257995605,48.739495798319325
glsB,308,33483.1515,5.993637657165528,50.97402597402597
sad,462,49717.307199999996,5.4421289443969725,50.649350649350644
ptrR,293,32482.6084,6.311253929138184,49.48805460750853
yneK,371,42840.724799999996,6.395375633239747,48.517520215633425
ydeA,396,42537.6961,9.85690975189209,63.888888888888886
marC,221,23616.969100000002,7.856971549987794,60.633484162895925
marR,144,16032.7752,8.556969261169435,46.52777777777778
marA,127,15183.995700000001,9.360374259948731,37.79527559055118
marB,72,7536.467299999999,5.240975761413574,52.77777777777778
eamA,299,32323.807,9.948648262023926,64.88294314381271
ydeE,395,42658.447199999995,9.388675880432128,61.518987341772146
mgtS,31,3509.123,5.373126411437989,64.51612903225806
mgtT,34,3858.3,9.39608974456787,44.11764705882353
dgcZ,296,33863.1021,5.392508506774903,46.62162162162162
ydeI,130,14120.948699999999,6.400547981262207,47.69230769230769
ydeJ,172,18288.5435,4.744032478332519,47.674418604651166
dcp,681,77514.8021,5.48845272064209,49.48604992657856
ydfG,248,27248.6187,5.651751136779786,45.564516129032256
rspR,228,26564.8393,5.911277961730956,42.54385964912281
ydfZ,67,7276.2739,7.9414251327514656,35.82089552238806
ydfI,486,53684.6424,5.372899055480957,51.028806584362144
ydfJ,427,46266.6365,9.221702766418456,58.548009367681495
ynfT,37,4012.7528,6.499106788635253,54.054054054054056
ydfK,77,8778.1661,9.572346305847166,44.15584415584416
pinQ,196,21852.063400000003,9.728424263000488,40.30612244897959
tfaQ,191,21337.5659,4.445116233825684,48.167539267015705
stfQ,320,32869.5484,7.064597892761231,40.625
nohA,189,21403.8164,5.2778642654418935,42.857142857142854
ynfO,77,9023.2104,10.54923572540283,31.16883116883117
ydfO,136,16496.7181,9.75285778045654,42.64705882352941
gnsB,57,6547.5908,8.963377952575684,38.59649122807017
ynfN,51,5639.3785,5.800498771667479,49.01960784313725
ynfR,21,2307.7325,8.365046882629397,57.14285714285714
ynfQ,62,7123.1840999999995,8.73193645477295,38.70967741935484
cspI,70,7683.6410000000005,6.034391212463378,44.285714285714285
rzpQ,165,18277.569,7.988615989685059,47.878787878787875
rzoQ,84,9463.313600000001,9.639973640441895,48.80952380952381
rrrQ,177,19662.334899999998,9.043963432312012,41.80790960451977
ydfR,103,12090.4687,5.557398414611816,44.66019417475729
essQ,71,7740.9094000000005,9.69619007110596,49.29577464788733
ynfU,56,6371.3207,9.59955196380615,32.142857142857146
cspB,71,7716.627699999999,6.538325691223145,45.07042253521127
cspF,70,7544.5858,9.51168155670166,40.0
ynfS,29,3192.9174999999996,4.207017707824707,62.06896551724138
ydfT,250,27925.9482,9.162585258483887,44.4
ydfU,349,39227.76,8.104852485656739,46.41833810888252
rem,83,9234.6173,5.358916664123535,46.98795180722892
hokD,51,5736.831499999999,6.179103279113768,52.94117647058824
relE,95,11225.078599999999,9.673884010314943,46.31578947368421
relB,79,9071.3722,4.805930137634278,48.10126582278481
ydfV,101,11308.0507,9.936463737487792,44.554455445544555
flxA,110,12207.5767,5.028966331481934,33.63636363636363
ydfW,49,5848.678599999999,10.138378715515138,38.775510204081634
ydfX,96,10975.5384,7.87366886138916,46.875
dicC,76,8577.6381,9.519675636291506,42.10526315789473
dicA,135,15655.844,9.712951850891113,40.0
ydfA,51,5792.2985,5.22363986968994,33.33333333333333
ydfB,42,4688.0259,4.0500284194946286,40.476190476190474
ydfC,72,8350.393,5.017541694641112,50.0
dicB,62,6964.2086,9.018885231018068,43.54838709677419
ydfD,63,6841.8815,4.685829353332519,52.38095238095239
ynfP,36,4038.6282,6.700998878479004,41.66666666666667
rspB,339,36563.6989,5.956180763244629,48.67256637168141
rspA,404,45967.9546,5.680000114440918,47.77227722772277
ynfA,108,11919.375399999999,9.09785900115967,65.74074074074075
ynfB,113,12908.525999999998,9.15007839202881,38.05309734513274
speG,186,21886.749499999998,6.201043128967284,46.774193548387096
ynfC,236,26474.5166,4.627683067321779,41.52542372881356
ynfD,101,10476.5878,4.7349950790405275,43.56435643564357
ynfE,808,89778.9705,8.558709907531739,43.68811881188119
ynfF,807,89986.0387,6.5583898544311525,43.99008674101611
ynfG,205,22751.548199999997,5.792825508117676,40.97560975609756
ynfH,284,30523.318499999998,9.450758934020996,61.61971830985915
dmsD,204,23344.346,4.910343360900878,54.41176470588235
clcB,418,44152.853299999995,8.430353355407718,59.09090909090909
bidA,231,24980.671,6.107031440734862,51.082251082251084
mlc,406,44283.4883,5.798452568054199,48.275862068965516
ynfL,297,33280.941699999996,6.109589195251464,51.85185185185185
ynfM,417,45224.9091,10.401151847839355,56.35491606714629
asr,102,10591.1271,10.574120521545407,46.07843137254902
ydgU,27,3235.9883999999997,9.300160789489745,70.37037037037037
ydgD,273,29276.7295,5.7780473709106435,46.52014652014652
mdtI,109,11720.002499999999,10.277243614196774,66.97247706422019
mdtJ,121,13114.6794,9.004250907897951,60.33057851239669
mdtU,33,3906.4289,9.299709510803222,42.42424242424242
tqsA,344,37542.3607,9.09566707611084,66.86046511627907
pntB,462,48722.4643,5.721492576599122,56.060606060606055
pntA,510,54622.7965,5.645442008972168,52.94117647058824
ydgH,314,33902.8627,9.270956611633299,46.496815286624205
ydgI,460,49500.8848,8.850687217712402,63.04347826086957
folM,240,26347.9972,7.8228033065795906,49.583333333333336
ydgC,111,12322.9513,9.514195823669432,71.17117117117117
rstA,239,26703.5052,5.418086051940917,48.95397489539749
rstB,433,49282.2972,5.810843467712403,50.57736720554272
tus,309,35782.7163,9.572152900695798,47.249190938511326
fumC,467,50488.3345,6.12243480682373,46.466809421841546
fumA,548,60297.8667,6.11436367034912,44.89051094890511
manA,391,42849.4195,5.290368843078612,50.63938618925832
ydgA,502,54688.3323,5.068185234069824,44.02390438247012
uidC,421,46647.0952,9.072200584411618,44.89311163895487
uidB,457,49907.444,9.18695430755615,58.42450765864332
uidA,603,68446.181,5.243760871887206,45.27363184079602
uidR,196,21798.9202,5.685456657409667,48.46938775510204
hdhA,255,26746.229199999998,5.218012809753417,48.23529411764706
malI,342,36624.3241,6.460058403015137,46.783625730994146
malX,530,56626.329,8.78480052947998,56.22641509433962
malY,390,43641.356400000004,5.24523868560791,50.0
add,333,36397.0238,5.36266803741455,48.048048048048045
ydgJ,346,38256.867,5.488509559631347,48.554913294797686
blr,41,4556.2455,5.970163154602051,53.65853658536586
cnu,71,8416.4736,6.248844718933106,45.07042253521127
ydgK,146,16318.361499999999,10.547043800354004,62.328767123287676
rsxA,193,20897.2669,9.407694053649902,65.80310880829016
rsxB,192,20543.5976,4.643541145324707,50.0
rsxC,740,80170.6117,8.884404182434086,47.2972972972973
rsxD,352,38139.667299999994,9.785607719421385,60.79545454545454
rsxG,206,21911.6377,6.590390205383301,46.601941747572816
rsxE,231,24426.6696,8.49810962677002,57.14285714285714
nth,211,23562.1127,8.435188484191897,46.91943127962085
dtpA,500,53958.4597,8.878408622741702,61.4
gstA,201,22868.088799999998,5.848641395568847,50.24875621890548
pdxY,287,31321.842099999994,6.040643501281737,51.91637630662021
tyrS,424,47526.3942,5.589682960510253,43.63207547169811
pdxH,218,25544.8351,9.18250598907471,43.57798165137615
mliC,109,12567.380399999998,8.47354717254639,44.03669724770643
anmK,369,39495.8109,5.698529624938964,49.86449864498645
slyB,155,15601.488599999999,9.355797004699706,41.29032258064516
slyA,144,16334.766799999998,6.662746238708498,44.44444444444444
ydhI,78,8858.677800000001,8.014983558654787,73.07692307692307
ydhJ,285,31495.4244,7.807008552551269,48.07017543859649
ydhK,670,75265.8906,9.49814319610596,54.47761194029851
sodC,173,17680.775599999997,5.946745491027832,41.61849710982659
ydhF,298,33675.2443,5.765031242370605,49.664429530201346
ydhL,79,9326.5032,8.7587553024292,34.177215189873415
nemR,199,22275.1313,6.496321678161621,43.21608040201005
nemA,365,39515.914000000004,5.802942848205566,47.397260273972606
gloA,135,14919.6687,4.950585365295409,43.7037037037037
rnt,215,23522.4332,5.187092399597167,49.76744186046512
lhr,1538,169379.05829999998,6.30488796234131,48.17945383615084
grxD,115,12878.616699999999,4.749773216247559,49.56521739130435
mepH,271,29884.170599999998,10.482124137878415,37.269372693726936
sodB,193,21265.493499999997,5.581270790100096,50.259067357512954
ydhP,389,40063.6231,10.205039024353027,62.46786632390745
cydH,29,2997.633,6.49529857635498,62.06896551724138
purR,341,38174.401000000005,6.279253578186036,48.68035190615836
punR,310,35249.6562,5.120931816101074,48.064516129032256
punC,403,43366.8892,9.096634101867675,62.03473945409429
cfa,382,43908.5106,5.694266700744628,47.12041884816754
ribC,213,23444.6333,5.642315864562988,42.72300469483568
mdtK,457,49414.4164,9.62998104095459,61.48796498905909
ydhQ,418,42875.496999999996,4.422778511047364,40.19138755980861
ydhR,101,11287.711899999998,5.085066413879393,49.504950495049506
ydhS,534,60754.3268,5.130082893371582,47.37827715355805
ydhT,270,29340.341699999997,6.20036106109619,42.592592592592595
ydhU,261,29582.397800000002,9.319952583312986,56.70498084291188
ydhX,222,25092.401599999997,8.569024848937989,40.54054054054054
ydhW,215,24420.3785,4.554986000061036,52.55813953488372
ydhV,700,77875.75700000001,6.3095487594604505,44.285714285714285
ydhY,208,22366.7343,8.264605140686037,37.980769230769226
fumD,69,7907.2510999999995,9.355990409851074,43.47826086956522
ynhH,64,7563.5145,11.548108863830567,37.5
pykF,470,50728.8721,5.769635200500488,43.61702127659575
lpp,78,8323.394100000001,9.300096321105958,42.30769230769231
ldtE,334,36081.9017,9.42213497161865,50.0
sufE,138,15800.1386,5.839035606384278,50.0
sufS,406,44433.2475,5.8858140945434565,50.0
sufD,423,46822.173200000005,6.358089256286621,43.02600472813239
sufC,248,27582.0292,4.83963565826416,44.354838709677416
sufB,495,54744.6926,5.05840892791748,42.82828282828282
sufA,122,13299.9674,4.848275184631347,45.90163934426229
ydiH,62,7266.247200000001,5.187660789489745,48.38709677419355
menI,136,14945.0923,6.957001686096191,41.911764705882355
ydiJ,1018,113246.7127,6.684060859680176,47.54420432220039
ydiK,370,39840.694299999996,8.491082572937014,64.5945945945946
ydiL,118,13928.750399999999,6.405038261413575,46.61016949152542
ydiM,404,44607.5719,9.654607963562015,59.65346534653465
ydiN,421,46079.7553,9.300160789489745,62.70783847980997
ydiB,288,31227.454599999997,5.0279432296752935,47.22222222222222
aroD,252,27466.3389,5.190275382995604,50.79365079365079
ydiF,531,57561.568,5.526989555358886,47.45762711864407
ydiO,383,43001.6596,5.292187690734862,45.95300261096606
ydiP,303,34894.050899999995,6.512577629089355,44.554455445544555
ydiQ,254,27470.0807,4.522303581237793,50.39370078740157
ydiR,312,33769.3474,6.657460212707521,50.0
ydiS,429,45922.4631,5.630493354797363,49.883449883449885
ydiT,97,10724.017199999998,5.332941246032715,42.2680412371134
fadK,566,62758.645599999996,6.1359056472778315,48.409893992932865
ppsA,792,87434.0998,4.934443092346189,45.58080808080808
ppsR,277,31210.5021,5.986987495422363,50.54151624548736
aroH,348,38734.6239,6.422828865051269,42.5287356321839
ydiE,63,7117.067999999999,9.771811485290524,36.507936507936506
selO,478,54381.4131,5.53494701385498,45.60669456066946
rflP,237,27045.895599999996,5.5671178817749025,48.9451476793249
nlpC,154,17282.5356,9.365789604187015,42.2077922077922
btuD,249,27080.8734,9.163423347473145,46.98795180722892
btuE,183,20469.319900000002,4.811955070495605,48.63387978142077
btuC,326,34948.8956,9.755758857727049,63.190184049079754
ihfA,99,11353.7907,9.342194175720216,38.38383838383838
pheT,795,87377.0775,5.168960762023923,47.16981132075472
pheS,327,36831.363399999995,5.792029762268067,46.17737003058104
pheM,14,1762.0364,8.497787284851075,71.42857142857143
rplT,118,13496.777199999999,11.471198081970215,50.847457627118644
rpmI,65,7288.847600000001,11.777487373352052,41.53846153846154
infC,180,20545.6475,9.540241050720216,40.0
thrS,642,74013.4825,5.802431297302246,43.30218068535825
yniD,35,4115.1625,10.4639440536499,65.71428571428571
ydiY,252,27606.9402,5.09632053375244,42.857142857142854
pfkB,309,32455.607500000002,5.251661491394042,47.249190938511326
ydiZ,96,10864.8614,4.231117439270019,35.41666666666667
yniA,286,32458.2073,4.979118537902831,49.3006993006993
yniB,178,20366.8623,7.90944881439209,56.74157303370787
hxpB,222,24329.967699999997,4.797063255310059,53.6036036036036
ydjM,196,22350.221700000002,9.23524112701416,58.673469387755105
tcyP,463,48661.0835,9.059371376037596,58.963282937365015
ydjO,267,30159.3737,5.599061393737792,49.063670411985015
cedA,80,9376.700700000001,9.68703556060791,48.75
katE,753,84161.5419,5.540687751770019,45.949535192563076
chbG,249,27773.399400000002,5.563195991516112,47.791164658634536
chbF,450,50511.9105,5.944983482360839,48.66666666666667
chbR,280,32967.2,8.413913917541507,45.714285714285715
chbA,116,12747.6396,4.867032051086425,48.275862068965516
chbC,452,48331.6205,6.434935569763183,62.38938053097345
chbB,106,11426.4123,7.813326454162597,56.60377358490566
osmE,112,12020.5497,7.698921012878418,43.75
nadE,275,30636.457599999998,5.413368415832519,45.09090909090909
cho,295,33706.4415,9.073167610168458,46.101694915254235
ves,191,21576.6208,8.48992214202881,47.64397905759162
spy,161,18198.8937,9.660216712951662,44.72049689440994
astE,322,35799.751,6.062299156188964,48.4472049689441
astB,447,49297.965000000004,5.738260078430176,47.427293064876956
astD,492,53025.677899999995,5.688582801818847,49.59349593495935
astA,344,38455.423599999995,6.02450122833252,46.80232558139535
astC,406,43664.844600000004,5.913381004333496,48.029556650246306
xthA,268,30968.801299999996,5.79867992401123,44.40298507462687
ydjX,236,26057.7858,9.347738456726074,60.59322033898306
ydjY,225,24125.013399999996,6.217810630798339,41.77777777777778
ydjZ,235,26160.021,10.069462013244628,62.5531914893617
ynjA,182,20532.7189,8.796275901794434,53.2967032967033
ynjB,388,42844.0125,5.870297050476074,51.03092783505154
ynjC,511,56242.2485,9.663891410827638,68.4931506849315
ynjD,217,24016.3358,5.719048500061036,49.30875576036866
ynjE,435,48227.988399999995,6.1924036026000975,46.666666666666664
ynjF,206,22719.483,7.909126472473145,60.679611650485434
nudG,135,15045.9347,5.17816867828369,51.85185185185185
ynjH,90,9915.243,6.720551490783691,50.0
gdhA,447,48580.831,5.982213020324706,46.085011185682326
ynjI,346,40345.7839,6.606475639343262,47.10982658959538
topB,653,73215.95139999999,8.445761299133302,46.55436447166922
selD,347,36686.8601,5.299349403381346,47.83861671469741
ydjA,183,20058.7877,6.313868522644044,49.72677595628415
sppA,618,67218.51569999999,5.723595619201661,48.05825242718447
ansA,338,37126.8016,5.517554283142089,48.5207100591716
pncA,213,23361.7852,4.602844429016113,46.009389671361504
ydjE,452,50317.3437,9.681233406066895,60.17699115044248
ydjF,252,28229.076399999998,6.5970972061157225,43.65079365079365
ydjG,326,36328.408500000005,5.129741859436035,48.15950920245399
ydjH,315,34120.8798,4.869646644592284,46.34920634920635
ydjI,278,30809.441000000003,5.136562538146971,47.482014388489205
ydjJ,347,37700.3741,6.026604270935058,47.83861671469741
ydjK,459,49601.3751,9.187276649475098,58.605664488017425
ydjL,358,38731.315200000005,5.582975959777832,47.20670391061452
yeaC,90,10337.9089,5.232336235046386,45.55555555555556
msrB,137,15451.016599999999,5.580986595153808,36.496350364963504
gapA,331,35532.0683,6.608749198913575,44.71299093655589
yeaD,294,32665.6839,5.890020179748535,45.91836734693878
yeaE,284,30986.2602,5.706543922424316,51.40845070422535
mipA,248,27798.5679,5.505333900451659,45.564516129032256
yeaG,644,74479.42050000001,5.627253532409667,45.18633540372671
yeaH,427,49391.839199999995,6.722540855407716,40.5152224824356
cdgI,491,56100.754199999996,8.876281166076662,54.378818737270876
dgcJ,496,56601.8743,6.405947685241699,46.57258064516129
yeaK,167,17850.431200000003,6.508939933776855,49.700598802395206
yoaI,34,3771.4857,4.136935234069824,61.76470588235294
yeaL,148,15255.3822,11.000127601623536,62.83783783783784
nimR,273,30553.198600000003,9.112944602966309,47.61904761904761
nimT,393,41207.763399999996,10.054827690124512,60.05089058524173
yeaO,115,13386.0429,6.289996147155762,44.34782608695652
yoaF,84,8942.2877,7.660895729064942,47.61904761904761
dgcP,341,38513.0938,5.049598884582519,45.16129032258064
yoaK,32,3458.2053,8.497787284851075,81.25
yoaJ,24,2691.3637999999996,8.345384025573733,62.5
yeaQ,82,8670.4685,9.997450828552246,62.19512195121951
yoaG,60,6608.221299999999,4.141709709167479,41.66666666666667
yeaR,119,13611.289499999999,6.030014610290528,49.57983193277311
leuE,212,23168.2899,9.62172908782959,60.84905660377359
dmlR,307,34630.4658,6.2108762741088865,51.79153094462541
dmlA,361,40314.467599999996,5.281558799743652,49.03047091412742
yeaV,481,52862.481100000005,8.547105598449708,56.96465696465697
yeaW,374,42560.32,5.4509389877319325,45.18716577540107
yeaX,321,35660.84,5.290880393981933,42.05607476635514
rnd,375,42715.720199999996,5.184420967102049,50.93333333333333
fadD,561,62313.196200000006,6.229974174499512,49.9108734402852
yeaY,193,20920.8703,9.549653434753417,50.259067357512954
tsaB,231,25180.5351,5.016120719909667,48.484848484848484
yoaA,636,70345.07149999999,6.741013526916505,47.79874213836478
yoaB,114,12493.0784,4.964454078674316,52.63157894736842
yoaC,99,10835.288799999998,4.9019880294799805,49.494949494949495
yoaH,59,6554.233699999999,4.704699897766112,42.3728813559322
pabB,453,50968.933899999996,5.081940269470214,45.6953642384106
nudL,192,21403.2958,5.858417701721191,54.6875
sdaA,454,48874.0701,5.1785097122192365,47.57709251101321
pdeD,532,59710.6746,8.93552761077881,52.06766917293233
yoaE,518,56527.3577,4.880957603454591,55.4054054054054
yoaL,52,6057.9078,11.610772132873539,44.230769230769226
manX,323,35015.067,5.748377418518066,50.464396284829725
manY,266,27635.475899999998,4.9998079299926745,62.03007518796993
manZ,283,30955.1144,9.321435356140139,53.71024734982333
yobD,152,17615.035099999997,10.059533882141114,61.18421052631579
mntP,188,20116.743300000002,6.9687105178833,56.38297872340425
rlmA,269,30418.566300000002,6.824907875061036,49.07063197026022
cspC,69,7402.270399999999,6.5389509201049805,43.47826086956522
yobF,47,5212.116599999999,8.57037868499756,46.808510638297875
yebO,95,10792.3419,4.9714452743530275,46.31578947368421
mgrB,47,5519.679099999999,7.922213554382325,65.95744680851064
yobH,79,8514.0158,9.508780479431152,49.36708860759494
kdgR,263,30028.9937,5.43462619781494,44.866920152091254
yebQ,457,48151.135500000004,9.747893714904784,61.70678336980306
htpX,293,31922.968599999997,6.604827308654786,52.901023890784984
prc,682,76662.12950000001,6.190471076965332,43.988269794721404
proQ,232,25892.208,9.663826942443851,41.37931034482759
msrC,165,18121.4055,4.657068824768066,48.484848484848484
letA,427,48272.8571,9.254001426696775,55.26932084309133
letB,877,94969.2745,5.773159217834471,46.7502850627138
rsmF,479,53194.8319,5.442242622375488,49.89561586638831
yebV,78,8752.7064,4.465407752990722,42.30769230769231
yebW,63,7315.1662,4.0500284194946286,47.61904761904761
pphA,218,25273.5414,6.942507743835448,43.57798165137615
yebY,113,12378.289400000001,7.739049339294434,52.21238938053098
yebZ,290,32525.949099999998,10.876090431213381,64.13793103448275
yobA,124,13410.041,9.476417350769044,45.96774193548387
holE,76,8846.188699999999,9.154139900207518,51.31578947368421
yobB,218,24394.7836,9.015726280212402,49.08256880733945
exoX,220,25132.8031,7.090971183776855,50.0
ptrB,686,79489.57079999999,5.665790367126465,46.93877551020408
yebE,219,23686.5477,5.342831230163574,45.20547945205479
yebF,118,12961.5778,8.823739433288573,44.91525423728814
yebG,96,10716.888500000001,4.352355003356934,43.75
purT,392,42433.1807,5.482200431823729,49.48979591836735
eda,213,22283.756500000003,5.568766212463378,54.460093896713616
edd,603,64638.309700000005,5.930603218078613,48.424543946932005
zwf,491,55703.778300000005,5.5584215164184565,45.21384928716905
yebK,289,31975.2198,6.181490516662596,46.36678200692042
pykA,480,51356.5887,6.238613700866699,46.666666666666664
lpxM,323,37409.9518,9.60174388885498,50.464396284829725
mepM,440,49025.0887,9.531537818908692,43.63636363636363
znuA,310,33776.962799999994,5.608269309997559,47.41935483870968
znuC,251,27867.1358,9.438961219787597,44.6215139442231
znuB,261,27728.3413,8.638650703430176,65.90038314176245
ruvB,336,37173.329699999995,5.022429847717285,50.89285714285714
ruvA,203,22053.3565,5.729222679138184,51.724137931034484
yobI,21,2665.2351,6.50047092437744,76.19047619047619
yebB,200,22671.6634,7.842788505554201,46.5
ruvC,173,18746.5509,9.59078426361084,50.28901734104046
yebC,246,26422.283799999997,4.714248847961425,42.68292682926829
nudB,150,17273.488100000002,5.822552299499511,48.66666666666667
aspS,590,65912.69069999999,5.471855735778808,47.28813559322034
yecD,188,20451.9784,5.371762275695801,50.53191489361703
yecE,272,31478.6901,7.850137901306153,49.26470588235294
yecN,131,15226.121700000002,9.385839271545407,62.59541984732825
cmoA,247,27776.3354,5.356586265563965,46.963562753036435
cmoB,323,37006.1154,6.132950019836425,48.60681114551084
torZ,809,88962.9402,6.827465629577637,46.35352286773795
torY,366,40285.9907,5.832385444641113,41.80327868852459
cutC,248,26761.4826,5.607871437072753,49.193548387096776
yecM,188,21204.753299999997,5.325381660461425,44.680851063829785
argS,577,64650.1517,5.321687126159667,48.52686308492201
yecV,14,1629.9239999999998,9.992486763000489,42.857142857142854
yecT,162,18852.9213,4.691399574279784,40.123456790123456
flhE,130,14059.255,10.247652626037596,50.76923076923077
flhA,692,74841.935,5.755993843078613,54.6242774566474
flhB,382,42205.2104,9.67491550445557,53.66492146596858
cheZ,214,23975.763199999998,4.439034461975097,46.728971962616825
cheY,129,14097.210200000001,4.886641502380371,51.162790697674424
cheB,349,37467.3337,8.400891304016117,50.1432664756447
cheR,286,32849.033599999995,9.244782447814941,45.8041958041958
tap,533,57511.2499,5.480438423156738,46.15384615384615
tar,553,59943.001200000006,5.388131904602051,46.65461121157324
cheW,167,18083.573,4.310464668273926,50.29940119760479
cheA,654,71349.48569999999,4.7850133895874025,45.56574923547401
cheA,654,71349.48569999999,4.7850133895874025,45.56574923547401
motB,308,34185.6888,8.99799747467041,45.77922077922078
motA,295,31979.0006,5.474527168273925,54.57627118644067
flhC,192,21565.875399999997,8.445438957214357,46.875
flhD,116,13316.2542,6.497344779968262,44.827586206896555
insB5,167,19564.3535,10.126387596130368,43.712574850299404
insA5,91,9836.214699999999,10.322113609313963,35.16483516483517
uspC,142,15632.7448,5.515223884582518,49.29577464788733
otsA,474,53610.4896,6.371162223815918,49.789029535864984
otsB,266,29142.8701,5.379606056213379,49.24812030075188
araH,328,34210.5231,9.211129951477051,58.231707317073166
araG,504,55017.588,5.944812965393066,47.817460317460316
araF,329,35540.487799999995,6.1663713455200195,47.72036474164133
ftnB,167,18894.2627,5.167369270324705,42.51497005988024
yecJ,83,9122.4815,4.8840837478637695,51.80722891566265
azuC,28,3408.1355999999996,10.30374011993408,46.42857142857143
yecR,107,11741.3086,6.559981346130371,47.66355140186916
ftnA,165,19423.5929,4.767848014831543,43.03030303030303
yecH,79,8628.6832,6.1655187606811515,40.50632911392405
tyrP,403,42786.5309,9.402472114562986,62.03473945409429
yecA,221,25038.9985,4.522530937194825,47.05882352941176
pgsA,182,20700.3721,8.887369728088384,67.03296703296702
uvrC,610,68155.1383,9.114105033874512,43.9344262295082
uvrY,218,23874.3648,6.589764976501464,46.330275229357795
yecU,58,6767.0098,9.518450736999512,58.620689655172406
yecF,74,8238.473300000001,5.250297355651854,45.94594594594595
sdiA,240,28117.0561,6.53741626739502,49.583333333333336
tcyN,250,27676.651400000002,8.888465690612794,46.400000000000006
tcyL,222,24800.9561,9.34116268157959,59.009009009009006
dcyD,328,35152.888699999996,4.936148262023924,51.829268292682926
tcyJ,266,29038.8289,6.215593910217284,42.857142857142854
fliZ,183,21657.5802,9.197656059265139,38.25136612021858
fliA,239,27488.7083,5.200392723083495,43.09623430962343
fliC,498,51294.3572,4.496441841125488,36.54618473895582
fliD,468,48455.8534,4.82065143585205,37.60683760683761
fliS,136,14949.9097,4.644280052185059,49.26470588235294
fliT,121,13828.6679,4.696230888366698,48.760330578512395
amyA,495,56638.6894,4.5004774093627935,46.666666666666664
yedD,137,14983.092799999999,4.866577339172363,49.63503649635037
yedE,401,44428.367699999995,10.046253395080566,59.60099750623441
yedF,77,8638.9014,4.832019233703612,50.649350649350644
yedK,222,24978.957499999997,5.192889976501463,49.549549549549546
yedL,159,17891.2563,6.485294914245605,45.28301886792453
fliE,104,11126.6492,5.152989006042478,48.07692307692308
fliF,552,60588.373799999994,6.507632637023924,43.65942028985507
fliG,331,36775.5418,4.690831184387206,46.52567975830816
fliH,228,25049.8725,4.623306465148925,44.73684210526316
fliI,457,49314.989499999996,6.366558265686035,49.01531728665208
fliJ,147,17306.3447,7.849299812316895,38.775510204081634
fliK,375,39311.3073,4.359857749938965,45.6
fliL,154,17220.6689,9.012825202941894,51.298701298701296
fliM,334,37848.6829,5.468218040466309,46.706586826347305
fliN,137,14854.7232,4.432782173156738,44.52554744525548
fliO,121,12669.693000000001,10.577666282653805,53.71900826446281
fliP,245,26928.0972,8.009310340881349,64.08163265306122
fliQ,89,9631.787,4.867827796936035,70.78651685393258
fliR,261,28542.2297,5.719673728942872,66.66666666666666
rcsA,207,23516.1464,9.27721004486084,42.99516908212561
dsrB,62,6945.7524,4.653203773498535,46.774193548387096
yodD,75,8579.1492,4.580904579162598,37.333333333333336
yedP,271,30438.9579,4.934897804260252,46.125461254612546
dgcQ,564,64250.04150000001,6.739763069152833,45.39007092198582
yodC,60,6678.4087,4.665424156188965,40.0
yedI,305,32190.2632,7.85993709564209,58.68852459016394
yedA,306,32193.521800000002,9.787541770935057,65.68627450980392
vsr,156,18015.4138,7.0487398147583,42.30769230769231
dcm,472,53464.1455,8.71104869842529,45.55084745762712
yedJ,231,25903.9699,5.887235069274902,47.61904761904761
drpB,100,11325.0511,9.72339572906494,56.00000000000001
hchA,283,31190.083,5.628276634216308,50.53003533568905
hprS,452,50849.0541,7.156279182434083,46.46017699115044
hprR,223,25017.443,5.948791694641113,47.08520179372198
hiuH,137,15459.405900000002,9.098374748229983,46.715328467153284
msrP,334,37368.4641,9.157298851013184,52.09580838323353
msrQ,211,24067.8441,10.807882881164552,59.71563981042654
zinT,216,24743.5175,5.921395301818847,43.51851851851852
yodB,176,20336.959199999998,10.087642097473143,60.22727272727273
mtfA,265,30278.7975,4.606141090393066,49.81132075471698
yeeJ,2339,246434.80980000002,4.820083045959472,41.59897392047884
shiA,438,47816.8149,9.204231834411619,58.21917808219178
amn,484,53994.2327,5.897352409362793,46.69421487603306
yeeN,238,25834.7129,4.71362361907959,44.11764705882353
yeeO,547,60041.8211,9.915962791442869,59.23217550274224
cbl,316,35823.3677,5.3105466842651365,45.56962025316456
nac,305,32834.665199999996,7.01781940460205,51.47540983606558
ldtA,310,34410.663499999995,8.828639030456543,47.74193548387097
cobT,359,36986.5916,5.1849893569946275,52.64623955431755
cobS,247,26385.2981,9.094893455505371,57.89473684210527
cobU,181,20163.7742,5.314866447448731,46.96132596685083
insH6,326,37822.950800000006,9.473064994812013,43.86503067484663
yoeA,130,14467.290599999998,8.834956932067872,40.76923076923077
insD3,301,34365.6654,9.212354850769042,42.19269102990033
insC3,121,13451.4657,9.518515205383299,47.107438016528924
flu,1039,106824.1451,5.776796913146971,37.05486044273339
yeeR,510,57236.0114,5.77270450592041,48.03921568627451
yeeS,148,16556.767499999998,7.11683292388916,47.2972972972973
yeeT,73,8410.6149,10.00338191986084,45.20547945205479
cbeA,122,13651.370499999999,5.616567802429199,46.72131147540984
cbtA,124,13898.7747,7.801528739929201,46.774193548387096
yeeW,64,6958.682,4.1397203445434565,46.875
yoeF,118,12968.701,6.39889965057373,46.61016949152542
tmaR,109,12777.635900000001,9.298806953430176,38.53211009174312
yoeJ,16,1841.1997999999999,7.935429573059082,43.75
yeeA,352,39922.7265,9.465135383605961,54.82954545454546
sbmC,157,18081.2452,4.612507057189941,50.318471337579616
dacD,388,43327.4961,6.254926490783691,44.072164948453604
sbcB,475,54500.15149999999,5.445652961730956,49.473684210526315
tsuB,75,8148.231400000001,4.158931922912598,53.333333333333336
tsuA,352,38099.965599999996,10.141860008239746,57.95454545454546
plaP,452,49537.0548,8.80272274017334,61.06194690265486
yoeI,20,2241.5203,5.3026460647583,55.00000000000001
yeeY,309,34168.6823,5.759063148498535,48.22006472491909
yeeZ,274,29679.600100000003,5.277466392517089,48.54014598540146
yoeB,84,10183.448,8.028328514099119,41.66666666666667
yefM,83,9307.4936,5.134459495544433,42.168674698795186
hisL,16,2081.2849,8.614990806579591,25.0
hisG,299,33366.3654,5.471230506896972,46.15384615384615
hisD,434,46109.799,5.057272148132324,48.38709677419355
hisC,356,39359.6687,5.0116304397583,50.0
hisB,355,40277.5142,5.763496589660644,42.53521126760563
hisH,196,21652.617000000002,5.334987449645996,50.51020408163265
hisA,245,26032.322200000002,4.941150093078612,47.755102040816325
hisF,258,28454.114500000003,5.034025001525879,46.51162790697674
hisI,203,22755.554,5.244954490661621,41.87192118226601
wzzB,326,36454.2968,5.427464485168456,46.62576687116564
ugd,388,43656.3516,6.058547782897949,47.680412371134025
gnd,468,51480.6506,5.054657554626464,47.863247863247864
wbbL,157,18218.7321,6.139657020568847,49.044585987261144
insH7,326,37850.9642,9.492985725402832,43.86503067484663
wbbK,372,43187.6168,9.01662883758545,48.11827956989247
wbbJ,196,21674.829700000002,9.543077659606933,46.93877551020408
wbbI,330,37756.7668,5.84676570892334,45.151515151515156
wbbH,388,44743.7628,9.047315788269042,60.051546391752574
glf,367,42965.32919999999,6.615228843688965,45.776566757493185
rfbX,415,45382.041900000004,9.805721855163572,59.036144578313255
rfbC,185,21269.838099999997,5.476459693908691,45.94594594594595
rfbA,293,32693.1704,5.385858345031737,48.4641638225256
rfbD,299,32693.7253,5.5428476333618155,51.17056856187291
rfbB,361,40525.7469,5.47623233795166,44.87534626038781
galF,297,32828.8631,5.7329740524292,50.16835016835017
wcaM,464,51315.1029,9.095924949645994,43.96551724137931
wcaL,406,45361.075300000004,9.134928321838384,49.50738916256158
wcaK,426,47342.987499999996,6.597154045104981,47.88732394366197
wzxC,492,53691.9407,9.834345817565914,60.56910569105691
wcaJ,464,52407.8844,9.370689201354981,51.508620689655174
cpsG,456,50461.9829,5.5265916824340815,46.49122807017544
cpsB,478,53015.667799999996,5.197493934631347,48.53556485355649
wcaI,407,44913.425500000005,8.8000150680542,50.122850122850124
gmm,159,18273.248,5.051076698303221,46.540880503144656
fcl,321,36140.7144,6.390714836120606,47.35202492211838
gmd,373,42046.3249,5.781571388244628,46.64879356568365
wcaF,182,19961.8337,9.404019355773926,50.54945054945055
wcaE,248,27893.7391,9.315891075134278,47.58064516129033
wcaD,405,45408.883200000004,9.651577949523926,61.23456790123457
wcaC,405,45259.4184,8.90458278656006,45.925925925925924
wcaB,162,17615.3381,8.913672828674319,51.23456790123457
wcaA,279,33034.3906,9.272568321228025,45.878136200716845
wzc,720,79342.0881,6.474779701232909,46.25
wzb,147,16709.115400000002,7.650209999084473,45.57823129251701
wza,379,41909.448599999996,6.125504112243651,46.701846965699204
yegH,527,59449.513900000005,5.146907234191893,51.992409867172675
asmA,617,68962.01180000001,5.245920753479003,42.62560777957861
dcd,193,21249.0072,5.614692115783691,48.704663212435236
udk,213,24352.8436,6.392817878723145,45.07042253521127
dgcE,1105,123885.6197,5.832044410705566,52.307692307692314
alkA,282,31392.928200000002,8.303737449645997,56.02836879432624
yegD,450,49338.737499999996,5.113429069519043,48.44444444444444
yegI,648,71637.9445,8.818904304504397,50.15432098765432
yegJ,153,17427.7124,5.393872642517089,44.44444444444444
pphC,253,27175.576100000002,4.441592216491699,49.80237154150198
yegL,219,24217.3702,5.166971397399901,49.77168949771689
ibsA,19,2231.8465,8.365949440002442,78.94736842105263
ibsB,18,2063.6932,8.344739341735842,88.88888888888889
mdtA,415,44463.719600000004,8.90303554534912,44.81927710843374
mdtB,1040,112076.1935,5.305601692199706,54.13461538461538
mdtC,1025,110977.0263,8.408691978454595,52.97560975609756
mdtD,471,50900.3272,10.409210395812984,58.81104033970276
baeS,467,51990.67739999999,7.178787422180176,45.82441113490364
baeR,240,27655.6009,5.52221508026123,47.5
yegP,110,12024.1479,9.43451290130615,34.54545454545455
trhP,453,51192.6034,5.797202110290528,46.13686534216336
ogrK,72,8429.598300000001,8.83850269317627,43.05555555555556
yegR,105,11465.142199999998,9.074134635925294,40.95238095238095
yegS,299,32038.2806,4.661502265930175,47.15719063545151
gatR,110,12170.7374,8.15977954864502,43.63636363636363
insE5,99,11543.0052,9.92208728790283,37.37373737373738
insF5,288,33540.0396,9.81410274505615,43.05555555555556
gatD,346,37389.704,5.9392427444458,49.13294797687861
gatB,94,10221.9412,5.839547157287597,46.808510638297875
gatA,150,16907.2513,5.148441886901854,49.333333333333336
gatZ,420,47108.176,5.504936027526854,49.047619047619044
gatY,284,30811.5764,5.8741052627563475,47.53521126760563
fbaB,350,38108.750400000004,6.247992134094238,47.714285714285715
yegT,425,47358.5943,8.134701347351076,61.411764705882355
yegU,334,35620.153900000005,5.142189598083495,50.0
yegV,321,34385.0599,4.780977821350096,51.71339563862928
yegW,248,28276.863699999998,6.194734001159667,45.16129032258064
yegX,272,31603.610199999996,9.51645221710205,47.794117647058826
thiD,266,28633.281500000005,5.73450870513916,47.744360902255636
thiM,262,27338.872600000002,5.577576255798339,50.76335877862596
rcnR,90,10133.760400000001,8.790409278869632,43.333333333333336
rcnA,274,30419.054600000003,8.980010795593262,51.45985401459854
rcnB,112,12466.0514,6.820360755920409,49.107142857142854
yehA,344,36884.4209,6.810129737854004,43.604651162790695
yehB,826,92280.9859,5.671190071105957,42.251815980629544
yehC,239,26588.7242,9.7212682723999,51.04602510460251
yehD,180,19060.3586,4.843102836608886,46.666666666666664
yehE,93,10136.4771,9.137507057189943,46.236559139784944
mrp,369,39937.631499999996,5.854211616516112,49.32249322493225
metG,677,76253.8413,5.564673805236816,47.11964549483013
yehF,274,30612.477700000003,6.10526943206787,45.62043795620438
yehI,1210,138066.0893,6.213718223571777,49.6694214876033
yehK,105,12603.131399999998,4.7873437881469725,45.714285714285715
yehL,362,39681.8552,6.1086229324340815,48.89502762430939
yehM,759,83389.2013,5.566947364807128,50.59288537549407
yehP,378,42118.6633,5.962660408020019,46.03174603174603
yehQ,614,67729.3569,5.844548988342285,47.39413680781759
yehR,153,16593.9421,7.697159004211426,44.44444444444444
yehS,156,17972.6122,9.195593070983886,46.15384615384615
btsR,239,27399.4081,5.8535863876342775,47.28033472803347
btsS,561,62091.75229999999,8.690032005310059,50.44563279857398
mlrA,243,28045.8115,8.960799217224121,43.62139917695473
yohO,35,3642.5321000000004,11.000127601623536,68.57142857142857
yehW,243,25514.197399999997,9.979722023010254,65.84362139917695
yehX,308,34424.1063,5.880641746520996,46.42857142857143
yehY,385,41105.9917,9.668597602844237,64.93506493506493
osmF,305,32608.8762,5.816129493713379,51.147540983606554
bglX,765,83459.0619,5.854438972473144,46.79738562091503
dld,571,64611.5553,6.190414237976075,44.30823117338004
pbpG,310,33887.033899999995,9.940589714050294,51.29032258064517
yohC,195,21690.4602,7.045158958435058,61.53846153846154
yohD,192,21444.316899999998,10.355766105651853,55.729166666666664
yohF,253,26950.5459,5.136562538146971,49.40711462450593
yohP,27,3092.0251999999996,10.000867652893067,81.48148148148148
dusC,315,35199.0847,6.11828556060791,48.25396825396825
yohJ,132,14578.539499999999,9.151883506774901,65.15151515151516
yohK,231,24469.2635,9.354507637023925,64.06926406926407
cdd,294,31539.498499999998,5.419507026672362,51.70068027210885
sanA,239,27286.5485,9.223636817932128,54.39330543933054
yeiS,79,9264.0033,9.727586174011229,68.35443037974683
preT,412,44328.9683,5.264904975891112,44.66019417475729
preA,411,45068.3984,5.32629108428955,44.28223844282238
mglC,336,35549.7172,9.081612968444826,60.416666666666664
mglA,506,56414.610799999995,7.212606620788575,43.280632411067195
mglB,332,35712.1395,5.680341148376464,47.89156626506024
galS,346,37356.4093,6.198655891418457,50.28901734104046
yeiB,385,43393.077999999994,10.008410453796387,60.51948051948052
folE,222,24830.339699999997,6.795692634582519,45.4954954954955
yeiG,278,31258.9278,5.176747703552246,49.64028776978417
cirA,663,73894.7928,5.1063241958618155,39.51734539969834
lysP,489,53575.2399,8.903809165954591,58.691206543967276
yeiE,293,32723.3513,6.070768165588378,50.51194539249146
yeiH,349,36881.6655,9.359278297424318,61.60458452722063
nfo,285,31479.1588,5.430249595642089,45.26315789473684
yeiI,362,39709.768,5.508119010925292,46.96132596685083
nupX,416,43409.07459999999,8.798532295227051,61.53846153846154
rihB,313,33747.6512,4.722092628479003,49.84025559105431
yeiL,219,25294.0393,8.233080101013183,49.31506849315068
psuT,416,43431.1777,8.447244071960451,62.019230769230774
psuG,312,32909.4922,5.369090843200683,49.67948717948718
psuK,313,33572.6003,4.746135520935058,47.6038338658147
fruA,563,57518.4742,8.911029624938966,58.792184724689164
fruK,312,33755.291,5.372444343566895,48.07692307692308
fruB,376,39647.347299999994,4.774043464660645,46.808510638297875
setB,393,42745.588599999995,9.433545875549317,60.30534351145038
yeiW,84,8954.4114,6.089638710021972,44.047619047619044
yeiP,190,21532.3805,4.923814201354979,46.31578947368421
yeiQ,488,54031.0607,5.710295295715333,47.74590163934426
yeiR,328,36080.7422,6.011030387878416,45.1219512195122
lpxT,237,26758.797599999998,9.880505180358885,60.75949367088608
mepS,188,21039.626299999996,10.000480842590331,39.8936170212766
pdeN,518,58587.45799999999,5.86779613494873,53.0888030888031
yejA,604,69668.19709999999,8.679717063903809,50.66225165562914
yejB,364,40359.7572,7.86548137664795,57.96703296703297
yejE,341,38091.031500000005,9.477384376525883,56.01173020527859
yejF,529,58725.294599999994,9.13705577850342,46.880907372400756
yejG,114,12493.0368,4.781773567199706,48.24561403508772
bcr,396,43320.3211,9.82532024383545,64.64646464646465
rsuA,231,25864.9855,5.746501731872559,45.45454545454545
radD,586,66412.33399999999,7.638216972351075,46.58703071672355
rplY,94,10693.3101,9.59897174835205,47.87234042553192
yejK,335,37822.0418,4.875842094421387,43.88059701492537
yejL,75,8288.3647,5.497433280944824,48.0
lapC,586,67295.1644,9.120229530334473,49.48805460750853
yejO,29,3085.6025,10.859908866882325,48.275862068965516
insH8,326,37850.9642,9.492985725402832,43.86503067484663
narP,215,23574.6923,4.816047477722168,47.906976744186046
ccmH,350,39088.534100000004,6.779436683654786,50.857142857142854
ccmG,185,20808.7312,5.732519340515138,51.35135135135135
ccmF,647,71388.5843,9.64970836639404,60.432766615146825
ccmE,159,17698.109800000002,6.309321403503419,47.79874213836478
ccmD,69,7745.0465,11.324210166931152,63.76811594202898
ccmC,245,27885.0063,10.454144859313963,63.26530612244898
ccmB,220,23618.5137,6.827408790588379,69.0909090909091
ccmA,207,23020.9018,6.715606498718262,43.47826086956522
napC,200,23100.3141,8.89072208404541,39.5
napB,149,16296.361399999998,8.30212574005127,43.624161073825505
napH,287,31873.197699999997,8.947454261779786,51.21951219512195
napG,231,24924.462799999998,8.321788597106934,42.42424242424242
napA,828,93040.92820000001,8.233789253234864,46.4975845410628
napD,87,9468.4039,4.127499961853027,42.5287356321839
napF,164,18015.246199999998,7.923954200744629,40.243902439024396
yojO,54,6218.255999999999,9.359149360656737,55.55555555555556
eco,162,18191.8338,6.60158748626709,49.382716049382715
mqo,548,60228.898700000005,6.499959373474121,46.715328467153284
yojI,547,61552.0227,6.6589948654174815,53.74771480804388
alkB,216,24075.2454,7.731660270690917,50.0
ada,354,39323.4442,9.01533946990967,44.632768361581924
ftp,351,38548.3655,5.466058158874512,45.2991452991453
ompC,367,40367.5898,4.580904579162598,41.14441416893733
rcsD,890,100370.9625,5.055680656433105,45.28089887640449
rcsB,216,23670.324800000002,6.849860191345214,48.61111111111111
rcsC,949,106487.17189999999,5.960898399353028,47.41833508956796
atoS,608,67789.0998,5.817664146423341,48.35526315789473
atoC,461,52175.8048,6.010120964050292,47.071583514099785
atoD,220,23525.938000000002,5.0987646102905275,45.909090909090914
atoA,216,22959.4212,5.64748821258545,49.53703703703704
atoE,440,47527.187600000005,8.407015800476078,62.04545454545455
atoB,394,40352.03,6.605282020568848,50.50761421319797
yfaP,258,28303.327300000004,4.939217567443847,44.96124031007752
yfaQ,549,61443.0099,8.483346366882326,45.537340619307834
yfaT,207,23766.8968,8.719171714782714,46.3768115942029
yfaA,562,62670.5003,5.317367362976075,48.57651245551601
gyrA,875,96962.3491,5.086260032653808,45.6
ubiG,240,26555.1467,6.118797111511229,46.25
yfaL,1250,131151.3007,4.0500284194946286,38.800000000000004
ypaB,47,5325.1419,10.557294273376463,31.914893617021278
nrdA,761,85774.2591,5.7906087875366214,45.597897503285154
yoaM,11,1230.3693,4.0500284194946286,45.45454545454545
nrdB,376,43516.7509,4.69071750640869,46.27659574468085
yfaE,84,9292.6839,4.975935554504394,45.23809523809524
inaA,216,25295.783900000002,9.122808265686036,48.148148148148145
glpQ,358,40842.874500000005,5.376764106750489,45.530726256983236
glpT,452,50309.810999999994,8.683456230163575,60.17699115044248
glpA,542,58957.58899999999,6.19570026397705,44.464944649446494
glpB,419,45356.71,5.749230003356933,48.92601431980907
glpC,396,44107.5672,8.778289222717284,44.44444444444444
rpnE,299,34922.4297,5.175781440734862,45.48494983277592
yfaU,267,28915.672199999997,5.290255165100096,51.31086142322098
yfaV,429,46293.1595,9.73635387420654,60.37296037296037
rhmD,401,44225.9923,5.828918266296387,44.88778054862843
yfaX,260,28903.846199999996,7.00173397064209,46.92307692307692
yfaY,400,44225.141,5.463159370422363,47.75
yfaZ,180,18609.4681,4.7253324508666985,46.111111111111114
nudI,141,16338.466199999999,4.913753700256346,44.680851063829785
ais,200,22224.228900000002,9.176961708068848,43.5
arnB,385,42237.0459,6.395716667175294,50.12987012987013
arnC,322,36338.7235,6.804275321960449,49.68944099378882
arnA,660,74287.9803,6.38827075958252,47.72727272727273
arnD,296,33111.393,7.179412651062012,45.608108108108105
arnT,550,62541.7688,9.119455909729005,60.0
arnE,111,12191.8135,9.695803260803224,64.86486486486487
arnF,128,14085.028,9.301579093933103,66.40625
pmrD,88,9870.4197,8.64129390716553,42.04545454545455
menE,451,50184.0678,5.9763586044311525,49.667405764966745
menC,320,35476.1909,4.835713768005371,50.625
menB,285,31632.7585,5.993865013122559,44.91228070175438
menH,252,27682.033199999998,5.969140052795409,49.60317460317461
menD,556,61366.3073,6.09873294830322,49.64028776978417
menF,431,48731.8978,6.648593330383301,46.403712296983755
elaB,101,11305.5438,5.349822425842285,44.554455445544555
elaA,153,17419.4928,4.719989585876465,46.40522875816993
rbn,305,32929.2086,5.716774940490722,46.22950819672131
elaD,403,46077.652799999996,6.32824878692627,41.19106699751861
yfbK,575,63633.1146,5.736782264709473,44.869565217391305
yfbL,323,35930.3845,5.318504142761231,52.94117647058824
yfbM,167,19018.4414,4.83366756439209,43.712574850299404
yfbN,238,27990.741199999997,5.079950904846189,47.05882352941176
yfbO,140,16162.837899999999,4.115620613098144,46.42857142857143
yfbP,282,32135.889199999998,4.7668249130249025,47.16312056737589
nuoN,485,52043.4491,8.46722927093506,64.5360824742268
nuoM,509,56523.8695,8.620341682434084,62.27897838899804
nuoL,613,66437.2898,8.283300971984865,61.82707993474714
nuoK,100,10844.8939,8.380519294738772,61.0
nuoJ,184,19874.4052,5.505447578430174,61.95652173913043
nuoI,180,20537.548199999997,5.395918846130371,46.666666666666664
nuoH,325,36218.7257,6.898343849182129,62.76923076923077
nuoG,908,100298.0542,5.845117378234862,45.37444933920705
nuoF,445,49291.8928,6.441472053527831,45.1685393258427
nuoE,166,18589.8475,5.401545906066894,44.57831325301205
nuoC,596,68235.3024,5.979768943786621,48.15436241610738
nuoB,220,25055.5645,5.5869546890258786,48.18181818181818
nuoA,147,16457.132100000003,9.874316215515137,57.14285714285714
lrhA,312,34593.434799999995,5.237963294982909,52.88461538461539
alaA,405,45516.8309,5.847390937805175,49.876543209876544
yfbR,199,22707.797,5.519032096862792,49.74874371859296
yfbS,610,65838.94499999999,8.842306327819824,59.50819672131148
hxpA,216,22975.174600000002,5.74360294342041,52.31481481481482
yfbU,164,19536.0087,6.065254783630371,44.51219512195122
yfbV,151,17212.987,9.935690116882324,54.966887417218544
ackA,400,43289.9501,5.846026802062987,46.25
pta,714,77139.123,5.284571266174315,47.47899159663865
yfcC,506,54795.98909999999,6.605623054504395,57.70750988142292
yfcD,180,20375.642999999996,4.698220252990722,42.77777777777778
yfcE,184,20089.769200000002,5.636063575744628,52.17391304347826
yfcF,214,24325.432099999998,5.2735445022583,50.93457943925234
yfcG,215,24515.5839,6.446076011657714,48.837209302325576
folX,120,14081.858199999999,6.509280967712402,45.0
yfcH,297,32698.311799999996,6.759656715393067,48.484848484848484
rpnB,296,34179.0976,5.601903343200683,49.32432432432432
hisP,257,28652.6981,7.903195381164552,43.57976653696498
hisM,238,26837.3899,9.358182334899901,60.08403361344538
hisQ,228,24648.9665,9.038354682922364,57.89473684210527
hisJ,260,28483.0206,5.465091896057129,44.230769230769226
argT,260,27991.3077,5.615374183654786,45.38461538461539
ubiX,189,20694.7666,6.283232307434083,50.79365079365079
purF,505,56487.3932,5.324813270568847,46.33663366336634
cvpA,162,17906.7671,5.7071123123168945,58.64197530864198
dedD,220,22906.1299,7.982362556457519,53.18181818181819
folC,422,45405.1343,5.50215091705322,49.763033175355446
accD,304,33321.5612,7.577683448791505,49.34210526315789
dedA,219,24509.933399999998,8.63097896575928,62.55707762557078
truA,270,30399.250999999997,8.68313388824463,49.629629629629626
usg,337,36363.681599999996,4.380774497985839,50.74183976261127
pdxB,378,41335.072,6.239693641662597,48.67724867724868
flk,331,36667.8208,9.481574821472169,47.73413897280967
yfcJ,392,40464.7077,10.101438331604005,60.96938775510205
fabB,406,42612.8728,5.3469236373901365,45.320197044334975
mnmC,668,74401.23000000001,5.430761146545408,47.30538922155689
yfcL,92,9999.9273,4.259934806823731,44.565217391304344
epmC,182,21145.3348,4.723911476135252,49.45054945054945
yfcA,269,28643.041800000003,9.59265384674072,58.7360594795539
mepA,274,30136.3324,8.540336418151856,46.35036496350365
aroC,361,39136.9935,5.810502433776856,43.21329639889196
prmB,310,34969.2567,4.623476982116699,50.0
smrB,183,21013.0667,8.404952812194828,45.90163934426229
yfcO,273,30260.1386,5.19482250213623,46.15384615384615
yfcP,179,18951.2604,5.315832710266113,45.2513966480447
yfcQ,162,17889.8051,4.667299842834471,42.592592592592595
yfcR,170,17890.1799,4.9816194534301745,45.294117647058826
yfcS,250,27727.744,9.514776039123536,47.199999999999996
yfcV,187,19851.000500000002,5.0718797683715815,41.17647058823529
sixA,161,17207.5988,4.45426731109619,49.68944099378882
fadJ,714,77071.2984,8.977754402160645,47.75910364145658
fadI,436,46529.9712,8.469163322448733,50.22935779816514
yfcZ,94,10317.5656,4.2503858566284185,40.42553191489361
fadL,446,48540.9635,5.085805320739746,45.51569506726457
yfdF,352,40248.0504,5.012483024597167,37.784090909090914
mlaA,251,28041.268099999998,4.89471263885498,47.808764940239044
yfdC,310,34502.7918,5.261437797546387,52.58064516129032
intS,385,44060.5082,9.403761482238771,47.53246753246753
yfdG,120,13225.6018,9.671756553649903,60.83333333333333
yfdH,306,34634.9842,7.78438014984131,51.633986928104584
yfdI,443,51482.930499999995,8.791827583312987,55.53047404063205
yodE,48,5035.6233999999995,4.891643333435058,41.66666666666667
yfdK,146,16408.0641,4.343715476989748,50.0
yfdM,91,10335.4208,4.76949634552002,49.45054945054945
yfdN,164,18733.784399999997,9.788379859924316,39.02439024390244
yfdO,122,14383.175399999998,7.777997779846192,43.44262295081967
yfdP,120,13101.660399999999,5.714330863952637,37.5
yfdQ,274,30442.134599999998,4.9605321884155265,45.62043795620438
yfdR,178,20255.2235,5.470036888122559,52.80898876404494
yfdS,120,13671.4658,4.880048179626464,50.0
yfdT,101,12132.615099999999,4.96172580718994,41.584158415841586
ypdJ,46,5314.91,4.581245613098145,47.82608695652174
torI,66,7677.803999999999,9.515485191345213,42.42424242424242
dsdC,311,35331.833199999994,6.563505363464355,45.337620578778136
dsdX,445,47162.604,8.170030021667483,62.69662921348315
dsdA,442,47900.01209999999,5.584169578552246,47.511312217194565
emrY,512,56000.4733,8.065526771545407,55.6640625
emrK,387,42552.869399999996,7.17793483734131,46.253229974160206
evgL,9,1029.2375,7.999059867858887,33.33333333333333
evgA,204,22689.9438,6.830591773986817,45.588235294117645
evgS,1197,134741.0644,5.794416999816894,46.365914786967416
yfdE,381,41670.2884,5.664312553405763,47.506561679790025
yfdV,314,33615.5647,9.061434364318849,62.42038216560509
oxc,564,60580.5359,5.6207170486450195,49.29078014184397
frc,416,45827.645399999994,5.355278968811036,46.394230769230774
yfdX,211,22976.9325,5.381595420837402,47.867298578199055
ypdI,91,10161.794899999999,8.889883995056152,50.54945054945055
yfdY,80,8873.7767,8.608801841735843,66.25
lpxP,306,35493.0174,9.84595012664795,50.0
ypdK,23,2672.3169,8.56148204803467,78.26086956521739
alaC,412,46215.674,7.709720420837402,50.970873786407765
pyrS,565,62624.66320000001,7.699489402770996,50.97345132743363
pyrR,244,28688.6582,5.521305656433104,48.77049180327869
ypdC,285,32355.150100000003,9.342452049255371,51.578947368421055
fryA,831,92128.91509999998,5.18157901763916,46.690734055354994
ypdE,345,37408.4549,5.172768974304198,46.666666666666664
ypdF,361,39623.454099999995,5.333566474914551,46.53739612188366
fryC,415,43965.9107,9.890497779846193,61.9277108433735
fryB,108,11735.1926,4.401520729064941,48.148148148148145
glk,321,34722.6705,6.061332893371582,49.532710280373834
yfeO,418,43573.10969999999,9.070137596130369,64.83253588516746
ypeC,108,13262.5235,10.114009666442868,37.03703703703704
mntH,412,44193.1331,9.815327644348145,60.679611650485434
ypeD,29,3426.9601999999995,5.977893257141113,48.275862068965516
nupC,400,43475.2328,8.50030155181885,60.0
insL3,370,40908.3273,8.768103218078615,47.02702702702703
pdeA,729,83523.2057,8.585013008117677,53.635116598079556
yfeC,114,12719.4542,9.44921169281006,42.10526315789473
yfeD,130,14909.980699999998,7.767753028869629,44.61538461538462
gltX,471,53815.1,5.593263816833496,44.161358811040344
xapR,294,33626.9549,8.732710075378417,53.06122448979592
xapB,418,46139.310399999995,8.55058689117432,61.72248803827751
xapA,277,29834.297000000002,6.062299156188964,50.54151624548736
yfeN,254,29232.848299999998,5.730018424987794,43.30708661417323
yfeR,308,33902.593,6.39583034515381,48.701298701298704
yfeH,332,36405.211800000005,9.533278465270996,59.93975903614458
ypeB,72,8414.943299999999,8.009761619567872,51.388888888888886
ligA,671,73605.1715,5.385517311096191,46.6467958271237
zipA,328,36474.8673,5.601505470275878,50.30487804878049
cysZ,253,29304.6436,9.53991870880127,64.03162055335969
cysK,323,34489.224200000004,5.829145622253418,45.82043343653251
ptsH,85,9119.259399999999,5.646067237854004,41.17647058823529
ptsI,575,63561.0983,4.775748634338378,46.78260869565217
crr,169,18250.8353,4.733574104309082,44.37869822485207
pdxK,283,30847.0162,5.141393852233886,50.17667844522968
yfeK,124,13731.7968,8.566252708435059,45.96774193548387
yfeS,244,28242.8585,4.9823015213012685,43.0327868852459
cysM,303,32631.737799999995,5.419165992736816,44.224422442244226
cysA,365,41058.3945,6.941143608093261,47.397260273972606
cysW,291,32537.190200000005,5.729165840148926,60.13745704467354
cysU,277,30291.4679,7.750417137145996,62.093862815884485
cysP,338,37614.085399999996,7.778062248229982,45.26627218934911
ucpA,263,27849.672499999997,5.125763130187988,47.52851711026616
murR,285,31191.392900000003,8.88395290374756,42.10526315789473
murQ,298,31219.584300000002,5.703986167907716,45.97315436241611
murP,474,49801.3459,8.644968605041505,58.64978902953587
yfeW,434,47751.81679999999,7.77059497833252,46.08294930875576
yfeX,299,33051.8755,5.336351585388183,43.47826086956522
yfeY,191,20897.3993,5.21301097869873,41.361256544502616
yfeZ,149,17168.2071,9.502527046203614,62.41610738255034
ypeA,141,16311.387200000001,4.834520149230956,45.39007092198582
amiA,289,31411.728300000002,10.098343849182129,42.21453287197232
hemF,299,34322.2093,5.946120262145995,46.48829431438127
eutR,350,40159.316600000006,6.346153068542479,45.714285714285715
eutK,166,17892.4221,6.83673038482666,50.602409638554214
eutL,219,22787.5937,4.749830055236816,56.16438356164384
eutC,295,31781.2506,6.366899299621582,46.779661016949156
eutB,453,49402.496999999996,4.789446830749512,46.13686534216336
intZ,402,45362.883299999994,9.967473030090332,50.0
yffL,213,25142.9297,8.512357139587401,34.27230046948357
yffM,81,9173.6826,6.877938652038575,41.9753086419753
yffN,122,13777.651399999999,4.722319984436035,47.540983606557376
yffO,138,15728.937199999998,6.842584800720215,44.927536231884055
yffP,197,22906.4542,5.371421241760253,42.13197969543147
yffQ,125,13819.1168,4.900169181823729,52.0
yffR,130,14553.676300000001,6.117091941833496,54.61538461538461
yffS,269,29750.579800000003,5.438661766052246,40.89219330855018
eutA,467,49566.515199999994,5.4021711349487305,51.82012847965739
eutH,408,42806.335900000005,5.522669792175292,63.23529411764706
eutG,395,41030.9399,5.984145545959472,50.37974683544304
eutJ,278,30081.7913,5.232790946960448,47.122302158273385
eutE,467,49020.977999999996,6.177398109436035,50.53533190578159
eutN,95,9956.3794,5.578713035583495,45.26315789473684
eutM,97,9865.443,6.0586046218872065,51.546391752577314
eutD,338,36066.3228,6.332284355163575,53.84615384615385
eutT,267,30171.205099999996,5.998810005187988,45.69288389513109
eutQ,233,25385.612800000003,4.857937812805175,45.493562231759654
eutP,159,17658.632,5.178623390197752,44.0251572327044
eutS,111,11649.4274,5.229778480529784,50.45045045045045
maeB,759,82416.4419,5.338397789001465,52.042160737812914
talA,316,35658.3625,5.888656044006347,46.835443037974684
tktB,667,73041.82930000001,5.862623786926269,46.92653673163419
ypfG,347,38745.9212,6.849007606506347,47.55043227665706
nudK,191,21748.4027,4.878513526916504,41.361256544502616
aegA,659,71843.2233,6.31915454864502,43.85432473444613
narQ,566,63664.0378,6.242365074157715,47.349823321554766
acrD,1037,113046.018,5.615999412536621,51.783992285438764
ypfM,19,2407.8517,6.014099693298339,47.368421052631575
yffB,118,13600.432999999999,6.090889167785644,45.76271186440678
dapE,375,41268.53569999999,5.30656795501709,48.8
ypfN,66,8071.315799999999,7.984941291809083,51.515151515151516
ypfH,232,24854.7552,4.78063678741455,50.0
tmcA,671,74891.60949999999,7.329524421691895,48.8822652757079
ypfJ,287,31459.8401,5.577917289733886,39.02439024390244
purC,237,26994.6927,5.0718797683715815,44.72573839662447
bamC,344,36841.992699999995,5.336863136291503,46.51162790697674
dapA,292,31269.6246,5.9813035964965815,47.6027397260274
gcvR,190,20750.3765,5.389837074279785,47.89473684210526
bcp,156,17633.7313,5.031751441955566,41.66666666666667
hyfA,205,22154.1544,6.053432273864746,43.41463414634146
hyfB,672,72582.17809999999,9.105659675598144,62.5
hyfC,315,34358.8478,8.403341102600102,60.952380952380956
hyfD,479,51753.9597,9.06962184906006,62.63048016701461
hyfE,216,23361.2372,9.324916648864747,63.888888888888886
hyfF,526,56766.4942,8.588107490539553,61.40684410646388
hyfG,555,63350.69120000001,5.851710700988768,47.387387387387385
hyfH,181,20159.187299999998,8.42409992218018,45.30386740331492
hyfI,252,28100.9812,8.187436485290526,48.01587301587302
hyfJ,137,15576.8106,4.89079074859619,52.55474452554745
hyfR,670,75304.3525,5.851199150085448,45.820895522388064
focB,282,30564.303399999997,8.941329765319825,59.21985815602837
yfgO,353,39193.954399999995,9.117457389831543,66.28895184135978
bepA,487,53907.292499999996,7.084434700012206,47.02258726899384
yfgD,119,13398.4346,5.894794654846191,47.05882352941176
hda,233,26614.337,5.31878833770752,48.927038626609445
uraA,429,45059.5717,8.28413906097412,61.771561771561764
upp,208,22532.997600000002,5.316798973083496,49.03846153846153
purM,345,36821.5557,4.827585792541503,46.3768115942029
purN,212,23237.9959,5.516246986389159,49.056603773584904
ppk,688,80430.4925,8.96015453338623,48.401162790697676
ppx,513,58135.289099999995,6.645524024963379,46.588693957115005
pdeF,747,85606.6582,8.898071479797363,55.957161981258366
yfgG,63,7429.4681,11.887986183166504,41.269841269841265
yfgH,172,17672.807699999998,8.676493644714355,40.69767441860465
yfgI,179,20230.1583,6.227018547058106,36.312849162011176
guaA,525,58678.53229999999,5.23898639678955,48.19047619047619
guaB,488,52021.8558,6.0157480239868155,44.05737704918033
xseA,456,51831.6034,9.992486763000489,42.76315789473684
yfgJ,71,7994.2302,6.5587877273559565,39.436619718309856
der,490,55035.215299999996,5.596105766296386,45.30612244897959
bamB,392,41886.6894,4.718170738220214,45.91836734693878
yfgM,206,22143.7155,5.066252708435058,47.57281553398058
hisS,424,46996.8174,5.649591255187987,45.75471698113208
ispG,372,40683.1339,5.870865440368651,44.89247311827957
rodZ,337,36191.2311,5.584794807434082,45.6973293768546
rlmN,384,43085.0684,6.56208438873291,44.27083333333333
ndk,143,15463.255599999999,5.540176200866698,46.85314685314685
pbpC,770,85065.89619999999,9.520255851745606,51.55844155844156
yfhM,1653,181583.1574,5.255299186706543,46.763460375075624
sseA,281,30811.4488,4.561693000793458,51.60142348754449
timP,41,4477.235,8.885306739807131,43.90243902439025
sseB,258,28642.1679,4.466032981872559,45.73643410852713
pepB,427,46179.622299999995,5.6016759872436515,46.13583138173302
iscX,66,7731.4791,4.0500284194946286,46.96969696969697
fdx,111,12330.7023,4.4914400100708,39.63963963963964
hscA,616,65651.6422,4.983438301086425,48.37662337662338
hscB,171,20137.4641,5.047836875915528,43.859649122807014
iscA,107,11555.9163,4.749943733215332,40.18691588785047
iscU,128,13848.4381,4.815024375915528,42.96875
iscS,404,45088.9943,5.942994117736816,44.801980198019805
iscR,162,17336.3605,6.823998451232909,39.50617283950617
trmJ,246,27047.6331,5.687161827087402,47.96747967479675
suhB,267,29171.770099999998,6.448179054260252,47.19101123595505
yfhR,284,31515.5019,5.967889595031737,51.40845070422535
csiE,426,49039.90579999999,7.672149848937989,47.417840375586856
hcaT,379,41592.2265,9.883535194396973,63.3245382585752
hcaR,296,32837.879,6.007108497619628,53.37837837837838
iroK,21,2329.7598,8.496433448791507,61.904761904761905
hcaE,453,51108.6025,5.269793128967284,43.4878587196468
hcaF,172,20578.988999999998,6.218379020690917,42.44186046511628
hcaC,106,11328.6531,4.261924171447753,50.0
hcaB,270,28499.269,5.861373329162597,50.0
hcaD,400,43977.6943,5.657548713684082,47.5
yphA,140,15211.213,9.297968864440918,68.57142857142857
yphB,290,32716.062299999998,4.8420228958129865,46.206896551724135
yphC,353,38050.3739,6.265839576721191,46.742209631728045
yphD,332,34482.9277,10.268475914001463,60.54216867469879
yphE,503,55015.7361,5.524488639831542,46.91848906560636
yphF,327,35057.7238,6.048998832702637,45.56574923547401
yphG,1093,123830.6157,5.67033748626709,48.85635864592864
yphH,397,44520.2595,6.094981575012206,44.584382871536526
glyA,417,45316.0548,6.028479957580566,47.961630695443645
hmp,396,43867.117099999996,5.483962440490722,47.97979797979798
glnB,112,12425.2997,5.170211219787595,46.42857142857143
glrR,444,49147.8062,5.999719429016112,48.1981981981982
qseG,237,27347.566099999996,6.09327640533447,42.616033755274266
glrK,475,53311.7673,7.789666557312011,47.578947368421055
purL,1295,141401.0628,5.228641700744627,46.64092664092664
mltF,518,58283.3705,5.332372856140137,48.26254826254826
tadA,167,18699.3026,7.28365535736084,46.706586826347305
pgpC,211,24421.047,9.151045417785646,51.65876777251185
yfhH,282,30707.150200000004,8.941329765319825,48.93617021276596
yfhL,86,9791.224,4.861746025085449,40.69767441860465
shoB,26,3102.9687999999996,9.782061958312983,69.23076923076923
acpS,126,14052.1201,9.296292686462401,50.79365079365079
pdxJ,243,26384.005999999998,5.609860801696779,48.148148148148145
recO,242,27390.2886,9.770393180847165,45.867768595041326
era,301,33809.6636,6.729816246032715,46.179401993355484
rnc,226,25549.7281,6.404128837585449,41.5929203539823
lepB,324,35959.908500000005,6.849007606506347,49.382716049382715
lepA,599,66569.49560000001,5.401261711120605,45.57595993322204
rseC,159,16639.222,6.5454305648803714,52.20125786163522
rseB,318,35749.306800000006,8.60274181365967,46.855345911949684
rseA,216,24321.111,5.1114397048950195,43.98148148148148
rpoE,191,21695.4708,5.381595420837402,48.167539267015705
rseD,51,6229.3748,10.126065254211426,43.13725490196079
nadB,540,60336.71519999999,5.889849662780762,45.74074074074074
yfiC,245,27269.6081,4.9299528121948235,46.93877551020408
srmB,444,49913.5205,9.273341941833493,42.567567567567565
yfiE,293,33242.92079999999,6.344618415832519,43.68600682593857
eamB,195,21215.9706,9.722041893005368,62.05128205128205
grcA,127,14284.008100000001,5.087283134460448,44.881889763779526
ung,229,25692.895299999996,6.667350196838379,47.59825327510917
yfiF,345,37783.937,8.935914421081545,38.84057971014493
trxC,139,15554.6049,5.003616142272949,44.60431654676259
tapT,232,25994.7223,8.213932991027832,49.137931034482754
patZ,886,97986.3142,5.983122444152832,49.43566591422122
pssL,13,1603.8851,5.426100349426269,38.46153846153847
pssA,451,52801.1363,9.059693717956542,47.006651884700666
yfiM,107,11787.1436,6.439482688903809,43.925233644859816
kgtP,432,47051.9662,9.477126502990725,56.481481481481474
yfiS,20,2161.6045,8.189435005187988,65.0
clpB,857,95583.8778,5.367385673522949,44.224037339556595
clpB,857,95583.8778,5.367385673522949,44.224037339556595
yfiH,243,26338.6378,6.215764427185058,47.73662551440329
rluD,326,37121.1911,6.313754844665529,47.239263803680984
bamD,245,27829.0717,6.158300209045408,49.795918367346935
raiA,113,12784.436399999999,6.203828239440917,42.47787610619469
pheL,15,1924.3093,8.521060371398928,80.0
pheA,386,43110.835999999996,6.210933113098144,46.89119170984456
tyrA,373,42042.020000000004,5.681648445129395,50.93833780160858
aroF,356,38803.5416,5.423087882995604,44.9438202247191
yfiL,121,13203.5514,4.821106147766113,41.32231404958678
yfiR,172,18977.887199999997,7.686814308166505,51.162790697674424
dgcN,408,45988.9301,6.98303394317627,46.07843137254902
yfiB,160,17244.3575,8.710081672668458,44.375
rplS,115,13133.0697,10.619183921813963,40.869565217391305
trmD,255,28422.028699999995,5.5023214340209945,45.490196078431374
rimM,182,20605.1944,4.607732582092285,44.505494505494504
rpsP,82,9190.4378,10.542659950256347,46.34146341463415
ffh,453,49786.7863,9.517548179626463,46.13686534216336
ypjD,263,29261.7667,9.194432640075682,62.737642585551335
yfjD,428,48025.6157,5.720412635803222,50.23364485981309
grpE,197,21797.5889,4.681339073181152,46.7005076142132
nadK,292,32565.9952,6.300284004211425,45.54794520547945
recN,553,61395.747500000005,5.3569841384887695,42.857142857142854
bamE,113,12301.8999,8.709501457214355,45.13274336283185
yfjF,96,10757.1527,8.968793296813967,44.79166666666667
ratA,158,17726.4703,8.59797115325928,50.63291139240506
smpB,160,18268.881899999997,9.895719718933105,42.5
intA,413,46651.1999,9.609157752990722,46.48910411622276
yfjH,318,37139.0561,7.044817924499512,42.138364779874216
alpA,70,8132.5184,10.209616279602049,50.0
yfjI,469,54025.9813,8.819806861877442,46.695095948827294
yfjJ,208,24560.3813,9.31505298614502,38.94230769230769
abpB,729,83060.8097,5.9932966232299805,45.8161865569273
abpA,538,62005.75980000001,5.581327629089355,42.00743494423792
yfjM,87,9967.1673,6.399979591369629,40.229885057471265
rnlA,357,40060.6538,6.373492622375489,48.739495798319325
rnlB,123,13646.4981,4.5054224014282225,47.96747967479675
yfjP,287,32093.769,7.0523775100708,49.825783972125436
yfjQ,273,31254.257599999997,9.503171730041505,41.02564102564102
yfjR,233,26605.671199999997,8.894525718688964,50.21459227467812
ypjK,78,7671.2779,10.171450996398924,66.66666666666666
yfjS,147,16734.718999999997,4.885732078552246,42.17687074829932
yfjT,155,17098.963300000003,6.253846549987793,43.225806451612904
yfjU,104,11823.4259,6.014440727233886,43.269230769230774
yfjW,567,64195.55729999999,8.730647087097168,52.38095238095239
lfgA,152,17303.1655,4.529920005798339,46.71052631578947
lfgB,160,17963.5343,8.154751014709475,48.75
ypjJ,66,7860.9837,10.124002265930173,42.42424242424242
yfjZ,105,11737.1431,6.018533134460449,42.857142857142854
ypjF,109,12308.053800000002,6.820758628845215,48.62385321100918
ypjA,1526,157497.6722,5.177372932434081,35.84534731323722
ypjB,263,29786.7025,4.644962120056152,39.163498098859314
ypjC,160,18024.299,6.442949867248534,38.75
glaH,325,37359.956300000005,5.767532157897949,47.69230769230769
lhgD,422,46081.3996,8.663986778259279,46.91943127962085
gabD,482,51719.447499999995,5.4385480880737305,48.7551867219917
gabT,426,45774.1064,5.7780473709106435,49.29577464788733
gabP,466,51079.4886,9.544882774353027,62.01716738197425
glaR,220,24990.57,6.170179557800293,49.09090909090909
kbp,149,16062.9116,5.707510185241699,42.281879194630875
yqaE,52,5865.1136,9.98436374664307,67.3076923076923
ygaV,99,10596.1673,8.73806095123291,47.474747474747474
ygaP,174,18638.5057,6.409471702575684,53.44827586206896
stpA,134,15347.3356,7.949677085876465,40.298507462686565
alaE,149,16948.8955,9.403890419006348,61.74496644295302
ygaC,114,13065.6024,7.897973442077638,45.614035087719294
ygaM,109,11847.1682,8.765975761413575,41.284403669724774
nrdH,81,9139.371,7.878890800476074,49.382716049382715
nrdI,136,15340.187299999998,9.3499303817749,44.85294117647059
nrdE,714,80460.0153,6.099187660217283,46.07843137254902
nrdF,319,36442.7927,4.666163063049316,49.52978056426332
proV,400,44162.2825,5.383641624450684,47.25
proW,354,37619.2387,9.34870548248291,60.451977401129945
proX,330,36022.1015,5.902752113342285,47.27272727272727
ygaZ,245,26107.3795,8.676880455017091,59.183673469387756
ygaH,111,12023.4008,10.020079231262208,62.16216216216216
mprA,176,20563.2388,5.818118858337402,37.5
emrA,390,42735.5196,9.33310413360596,48.205128205128204
emrB,512,55623.7432,8.138182640075684,57.03125
luxS,171,19415.9916,5.180840110778808,45.614035087719294
gshA,518,58250.5765,5.273260307312011,45.94594594594595
yqaA,142,15557.4506,10.03161907196045,59.859154929577464
yqaB,188,20779.579400000002,5.510676765441893,52.659574468085104
csrA,61,6855.8107,8.161778068542482,40.98360655737705
alaS,876,96031.257,5.533298683166502,43.49315068493151
recX,166,19423.8456,8.787959480285647,43.373493975903614
recA,353,37972.9341,5.093421745300293,44.47592067988669
pncC,165,17581.5166,5.061194038391112,44.84848484848485
mltB,361,40255.2532,9.06807460784912,48.476454293628805
srlA,187,20580.0914,8.720009803771973,54.54545454545454
srlE,319,33331.6273,6.515987968444825,53.60501567398119
srlB,123,13303.8888,4.956837654113768,47.15447154471545
srlD,259,27857.5543,5.922304725646971,48.26254826254826
gutM,119,12953.093700000001,10.495469093322754,52.10084033613446
srlR,257,28235.822,5.21716022491455,43.190661478599225
gutQ,321,34031.0703,5.919462776184082,49.22118380062305
norR,504,55235.6933,5.629413414001465,49.404761904761905
norV,479,54233.576,5.016745948791503,44.46764091858037
norW,377,41403.1115,6.026149559020996,46.94960212201592
hypF,750,82065.10259999998,5.973118782043457,50.13333333333333
hydN,175,19025.999200000002,8.284074592590333,41.714285714285715
ascG,336,36812.7714,6.161483192443847,47.61904761904761
ascF,485,51025.378899999996,8.937526130676272,60.824742268041234
ascB,474,53934.299199999994,5.515451240539549,46.41350210970464
hycI,156,17024.278,4.058270072937011,51.28205128205128
hycH,136,15464.4971,5.14389476776123,50.0
hycG,255,27998.846299999997,6.08969554901123,49.01960784313725
hycF,180,20309.166400000002,6.864695167541504,41.11111111111111
hycE,569,64979.628699999994,6.146818733215332,46.748681898066785
hycD,307,33028.953,6.736523246765137,61.88925081433225
hycC,608,64076.39779999999,9.221960639953611,62.17105263157895
hycB,203,21840.9956,6.6253461837768555,44.827586206896555
hycA,153,17626.7735,5.764008140563964,44.44444444444444
hypA,116,13168.059299999999,5.349481391906737,38.793103448275865
hypB,290,31564.7143,5.42450885772705,44.827586206896555
hypC,90,9731.901100000001,4.16927661895752,44.44444444444444
hypD,373,41362.933300000004,5.803681755065917,48.257372654155496
hypE,336,35059.994199999994,5.0378332138061515,51.19047619047619
fhlA,692,78467.024,5.434739875793456,46.09826589595375
ygbA,117,13940.3206,9.5344388961792,45.2991452991453
mutS,853,95245.7828,5.393872642517089,47.94841735052755
pphB,218,25097.9295,5.142985343933105,46.330275229357795
ygbI,255,27416.328299999997,6.340412330627441,47.45098039215686
ygbJ,302,30750.911900000003,5.087453651428221,53.31125827814569
ygbK,388,41338.6114,5.925658226013183,48.45360824742268
ygbL,212,23222.2055,5.598095130920409,47.64150943396226
ygbM,258,29216.614,5.085009574890136,52.32558139534884
ygbN,454,46769.0496,9.158072471618652,62.99559471365639
rpoS,330,37971.3821,4.887550926208497,42.12121212121212
nlpD,379,40148.5086,9.518128395080566,43.007915567282325
pcm,208,23257.4864,6.527924156188964,48.55769230769231
umpG,253,26900.1146,5.405581474304199,46.6403162055336
truD,349,39090.998700000004,6.152957344055174,46.41833810888252
ispF,159,16897.3394,6.043655967712403,49.056603773584904
ispD,236,25736.9594,6.160744285583495,47.03389830508475
ftsB,103,11621.9317,6.567768287658691,43.689320388349515
ygbE,107,12017.1205,4.915288352966308,62.616822429906534
cysC,201,22321.0375,5.916450309753418,43.28358208955223
cysN,475,52557.816,4.979232215881347,45.68421052631579
cysD,302,35187.9047,7.796500205993652,45.033112582781456
iap,345,37919.7501,9.168322944641115,44.63768115942029
cas2,94,10518.1371,5.022486686706543,54.25531914893617
cas1,305,33194.0568,8.818066215515138,52.459016393442624
casE,199,22292.7247,9.591042137145994,48.24120603015075
casD,224,25208.512300000002,7.004519081115721,44.642857142857146
casC,363,40025.025799999996,5.937935447692872,45.73002754820937
casB,160,18701.3004,9.67820339202881,45.625
casA,502,55900.5312,8.547234535217285,46.21513944223107
cas3,888,100543.88399999999,5.404217338562011,46.734234234234236
cysH,244,27975.4669,5.508801078796386,46.31147540983606
cysI,570,63997.363699999994,7.2924654006958,43.859649122807014
cysJ,599,66268.9886,4.919721794128416,49.08180300500835
queD,121,13772.7256,6.036607933044433,47.93388429752066
ygcN,423,46392.6527,5.972834587097168,48.226950354609926
ygcO,86,9661.9126,6.534346961975097,45.348837209302324
ygcP,191,20786.1617,7.608035469055176,50.26178010471204
ygcQ,286,30307.270500000002,5.026124382019043,51.048951048951054
ygcR,259,28720.059400000002,6.452839851379394,50.57915057915058
ygcS,445,48233.5268,9.465973472595216,59.10112359550562
ygcU,484,53736.7674,5.956294441223145,44.421487603305785
ygcW,261,28041.745600000002,5.227107048034666,49.42528735632184
yqcE,425,46830.182400000005,9.05621242523193,58.11764705882353
ygcE,492,54176.3318,5.167085075378416,48.983739837398375
queE,223,25029.3715,5.709897422790529,42.600896860986545
yqcG,46,5383.089599999999,5.004696083068848,47.82608695652174
ygcG,290,32205.2264,6.944610786437988,45.86206896551724
eno,432,45654.4073,5.324017524719238,45.601851851851855
pyrG,545,60373.4411,5.633278465270995,46.055045871559635
mazG,263,30411.951699999998,4.668948173522949,44.48669201520912
mazF,111,12097.9117,8.48785915374756,47.74774774774775
mazE,82,9355.6188,4.717374992370605,48.78048780487805
relA,744,83874.6244,6.292553901672363,44.89247311827957
rlmD,433,48051.67599999999,8.743992042541507,46.4203233256351
barA,918,102452.03,5.406888771057129,46.73202614379085
gudD,446,49140.4462,5.68642292022705,46.18834080717489
gudX,446,48849.0043,5.6996664047241214,48.20627802690583
gudP,450,49141.49909999999,9.445279121398926,58.22222222222222
yqcA,149,16273.984499999999,4.0500284194946286,46.97986577181208
truC,260,29665.356900000002,6.566460990905762,43.84615384615385
yqcC,109,12786.388599999998,4.869021415710448,53.21100917431193
syd,181,20676.1704,4.900623893737793,44.751381215469614
queF,282,32587.1049,5.725926017761232,40.0709219858156
ppnN,454,50953.282999999996,6.053261756896972,49.77973568281938
sdaC,429,46905.789,9.208615684509276,60.83916083916085
sdaB,455,48752.4229,5.509483146667479,48.13186813186813
ygdG,251,28133.7565,6.209682655334471,46.21513944223107
fucO,382,40512.904,5.095354270935058,51.30890052356021
fucA,215,23775.046299999998,6.115386772155761,48.372093023255815
fucP,438,47544.3402,8.953063011169434,58.675799086758
fucI,591,64975.9801,5.5857042312622065,45.346869712351946
fucK,472,52258.0801,5.383073234558106,47.88135593220339
fucU,140,15472.939699999999,5.57052822113037,56.42857142857143
fucR,243,27361.8471,7.751838111877441,41.56378600823045
rlmM,366,41904.728,7.037940406799316,48.63387978142077
ygdD,131,14332.982699999999,10.28098278045654,61.06870229007634
gcvA,305,34401.1042,9.062852668762208,49.50819672131148
ygdI,75,8174.133,5.599459266662596,36.0
csdA,401,43233.660899999995,5.298042106628418,51.87032418952619
csdE,147,15940.076899999998,6.1138521194457995,48.29931972789115
tcdA,268,28561.6934,8.808524894714356,48.134328358208954
mltA,365,40410.1213,9.04138469696045,46.57534246575342
amiC,417,45633.887299999995,9.589108085632322,47.482014388489205
argA,443,49162.540799999995,6.09356060028076,43.566591422121896
recD,608,66901.6379,6.544805335998535,46.381578947368425
recB,1180,133957.42049999998,5.143724250793456,47.20338983050848
ptrA,962,107707.1788,5.781571388244628,48.64864864864865
recC,1122,128846.13339999999,4.87521686553955,49.01960784313725
ppdC,107,12003.801800000001,11.214807319641114,44.85981308411215
ygdB,135,14941.116499999998,6.7376600265502935,47.40740740740741
ppdB,187,20519.2712,5.41257266998291,45.45454545454545
ppdA,156,17865.201699999998,7.72017879486084,46.794871794871796
thyA,264,30479.3304,5.619580268859862,45.45454545454545
lgt,291,33107.5293,9.51503391265869,59.79381443298969
ptsP,748,83714.6544,5.57939510345459,50.26737967914438
rppH,176,20762.531799999997,10.046833610534666,44.31818181818182
ygdT,48,5230.8947,4.290286827087402,47.91666666666667
mutH,229,25527.1337,6.460740470886231,48.03493449781659
ygdQ,237,26157.0645,6.51559009552002,61.18143459915611
ygdR,72,7876.8224,4.569252586364747,43.05555555555556
tas,346,38499.0591,6.265725898742676,46.82080924855491
lplT,397,41655.1076,9.467649650573733,61.712846347607055
aas,719,80699.0443,9.31234531402588,50.48678720445062
galR,343,37093.62989999999,5.834261131286621,48.10495626822158
lysA,420,46176.7066,5.629356575012206,46.42857142857143
lysR,311,34364.223699999995,6.87128849029541,50.160771704180064
ygeA,230,25247.687299999998,5.0896703720092775,46.52173913043478
araE,472,51683.8767,9.429419898986819,56.567796610169495
kduD,253,27069.7122,5.237565422058105,49.40711462450593
kduI,278,31043.951600000004,5.708817481994629,44.60431654676259
yqeF,393,41018.263199999994,5.589910316467285,48.091603053435115
yqeG,409,45098.7181,9.236981773376463,60.880195599022
yqeH,210,24286.5965,6.939211082458496,44.761904761904766
yqeI,269,30849.8734,8.864225578308105,45.72490706319702
yqeJ,160,18687.2263,9.004250907897951,45.625
yqeL,26,3202.6953999999996,4.30074520111084,57.692307692307686
yqeK,141,16271.3783,9.030038261413573,39.00709219858156
ygeG,163,19093.039800000002,4.729595375061035,44.785276073619634
ygeH,458,52752.2101,6.184105110168456,44.97816593886463
ygeI,72,8054.7419,4.0500284194946286,44.44444444444444
insD4,301,34365.6654,9.212354850769042,42.19269102990033
insC4,121,13451.4657,9.518515205383299,47.107438016528924
ygeQ,264,29512.1933,5.402000617980956,45.07575757575758
actS,251,26546.2009,10.112011146545406,42.23107569721115
xdhA,752,81319.9047,5.892805290222167,48.67021276595745
xdhB,292,31556.435199999996,6.587889289855957,47.26027397260274
xdhC,159,16921.5718,6.794044303894043,41.509433962264154
ygeV,592,66095.1937,6.089240837097167,44.932432432432435
ygeW,396,44186.9579,5.494136619567871,45.707070707070706
ygeX,398,43327.085100000004,5.547281074523925,47.73869346733669
ygeY,403,44803.4409,4.866179466247559,45.16129032258064
hyuA,461,51024.5679,6.184844017028809,45.98698481561822
yqeA,310,33070.580299999994,5.528694725036621,47.41935483870968
yqeB,541,57681.18759999999,6.331886482238769,49.53789279112754
yqeC,256,28071.0844,6.844972038269043,48.4375
mocA,192,21513.615299999998,5.750139427185059,47.91666666666667
ygfK,1032,115580.2675,5.5968446731567365,45.348837209302324
ssnA,442,48840.9952,5.833294868469238,47.511312217194565
ygfM,259,28649.2741,4.986450767517089,48.26254826254826
xdhD,956,103517.4837,5.487486457824706,47.071129707112966
xanQ,466,49107.6888,6.384405708312988,56.65236051502146
guaD,439,50243.6295,5.864556312561034,45.558086560364465
ghxQ,455,46757.4348,7.589449119567873,61.75824175824176
ygfS,162,17513.2034,5.398249244689941,41.9753086419753
ygfT,639,69088.2695,5.936173439025879,44.44444444444444
uacT,482,51757.389899999995,9.205327796936036,57.26141078838174
yqfG,41,4790.9433,7.953996467590332,70.73170731707317
yqfH,23,2617.0982999999997,10.052184486389159,47.82608695652174
idi,182,20508.0268,5.941573143005371,47.25274725274725
lysS,505,57602.7406,5.105585289001463,45.34653465346535
prfB,25,2993.3529,4.780523109436035,44.0
recJ,577,63356.01789999999,5.388586616516113,49.220103986135186
dsbC,236,25621.3896,6.295907402038575,48.30508474576271
xerD,298,34213.8837,8.747602272033692,47.31543624161073
fldB,173,19699.951399999998,4.087371635437012,47.398843930635834
ygfX,135,16031.7812,10.978659629821777,52.59259259259259
sdhE,88,10547.0215,5.287526893615721,45.45454545454545
ygfZ,326,36093.6924,5.175326728820799,48.15950920245399
trhA,219,23846.439599999998,9.33903522491455,63.013698630136986
yqfB,103,11905.271999999999,4.681566429138183,38.83495145631068
bglA,479,55360.1312,5.577178382873535,46.13778705636743
ygfF,247,25938.1943,5.649648094177246,46.963562753036435
gcvP,957,104375.18549999999,5.623161125183105,49.52978056426332
gcvH,129,13811.027100000001,4.0500284194946286,48.06201550387597
gcvT,364,40146.2466,5.3628953933715815,47.527472527472526
yqfI,27,3190.7165,10.296906471252438,33.33333333333333
ubiI,400,44244.092300000004,6.763294410705567,48.25
ubiH,392,42287.7962,6.807799339294434,47.44897959183674
pepP,441,49814.845499999996,5.245409202575683,46.03174603174603
ygfB,192,21229.364499999996,4.1871240615844725,43.75
zapA,109,12594.027399999999,5.216591835021972,40.36697247706422
fau,182,21105.1741,6.293861198425293,52.197802197802204
ibsC,19,2208.8529,8.497787284851075,84.21052631578947
serA,410,44175.2478,5.920713233947754,48.536585365853654
rpiA,219,22860.1279,5.203575706481933,49.31506849315068
argP,297,33471.294799999996,6.4015710830688475,48.821548821548824
scpA,714,77870.3498,5.045222282409667,48.17927170868347
argK,331,36703.4951,6.10345058441162,44.41087613293052
scpB,261,29172.2498,5.720526313781738,49.42528735632184
scpC,492,53823.824499999995,6.04683895111084,49.390243902439025
srsR,298,34673.2488,6.767386817932128,47.98657718120805
yggE,246,26602.872499999998,6.121127510070799,50.40650406504065
argO,211,23143.3633,9.553650474548338,63.03317535545023
mscS,286,30895.6338,7.8961683273315435,54.89510489510489
fbaA,359,39146.793099999995,5.523863410949706,45.12534818941504
pgk,387,41117.7094,5.078814125061034,48.837209302325576
epd,339,37298.934,6.26379337310791,47.1976401179941
yggC,237,27099.5285,5.466512870788574,47.67932489451477
fumE,169,19271.7118,4.333029747009278,51.4792899408284
yggF,321,34323.0738,4.837248420715332,48.90965732087228
yggP,425,45817.041800000006,5.180953788757324,50.8235294117647
cmtA,462,48970.4643,8.90522747039795,55.84415584415584
cmtB,147,16046.0431,4.414366340637208,48.97959183673469
tktA,663,72210.90490000001,5.428828620910643,48.41628959276018
loiP,252,26842.0504,5.74826374053955,44.44444444444444
speB,306,33556.6639,5.142189598083495,48.36601307189542
speA,658,73897.61929999999,4.831621360778808,45.8966565349544
yqgB,43,4858.747899999999,9.2379487991333,51.162790697674424
yqgG,47,5219.8506,7.719326210021973,38.297872340425535
yqgC,71,8114.400900000001,11.505882072448731,40.845070422535215
yqgD,83,9487.0936,9.42922649383545,57.831325301204814
metK,384,41951.132,5.095695304870604,46.35416666666667
galP,464,50981.917,9.433030128479004,57.543103448275865
yggI,165,19348.2605,10.020272636413573,44.84848484848485
endA,235,26708.799499999997,9.232082176208493,42.12765957446808
rsmE,243,26977.761,6.183138847351074,44.44444444444444
gshB,316,35560.4876,5.10905246734619,46.51898734177215
yqgE,187,20685.6607,5.342888069152831,49.73262032085562
yqgF,138,15186.1092,6.741468238830567,44.927536231884055
yggR,326,35993.729300000006,5.748945808410644,46.31901840490797
yggS,234,25787.133899999997,6.092025947570799,47.863247863247864
yggT,188,21166.865299999998,9.513873481750487,69.68085106382979
yggU,96,10456.0499,9.45404682159424,48.95833333333333
rdgB,197,21038.582499999997,5.213693046569824,46.192893401015226
hemW,378,42583.8045,5.416608238220214,47.08994708994709
yggM,335,38426.873199999995,8.248230171203613,40.298507462686565
ansB,348,36850.2459,5.956067085266113,45.689655172413794
yggN,239,26428.9269,8.967632865905763,40.58577405857741
yggL,108,12880.4108,4.906933021545409,39.81481481481482
trmB,239,27307.023699999998,6.416860771179199,46.86192468619247
mutY,350,39148.6584,8.602032661437988,50.857142857142854
yggX,91,10952.411699999999,5.913722038269043,39.56043956043956
mltC,359,40112.015100000004,9.346384620666505,44.56824512534819
nupG,418,46388.7172,8.777322196960448,60.28708133971292
speC,711,79415.2073,5.663232612609863,49.226441631504926
yqgH,27,3187.8513999999996,11.999967765808105,59.25925925925925
yqgA,235,24581.5821,9.169354438781738,63.40425531914894
yghD,178,20394.2814,9.742349433898926,50.0
yghE,286,32025.6626,9.135250663757326,49.65034965034965
yqhJ,19,2165.5751,9.825449180603027,47.368421052631575
yghF,331,37330.7001,9.778129386901853,49.546827794561935
yghG,136,14669.766499999998,9.472226905822755,40.44117647058824
pppA,269,29465.716300000004,8.722588539123535,58.7360594795539
yghJ,1520,167244.0211,4.920631217956542,42.30263157894737
glcA,560,58919.417,9.283914756774902,62.142857142857146
glcB,723,80487.58989999999,5.791575050354004,46.19640387275242
glcG,134,13736.558099999998,5.76986255645752,50.0
glcF,407,45109.6448,8.261575126647951,44.47174447174447
glcE,350,38360.551100000004,6.1173192977905275,47.14285714285714
glcD,499,53811.0831,5.0368669509887685,49.298597194388776
glcC,254,28825.835399999996,9.155235862731931,44.48818897637795
yghO,390,44673.2516,7.130133247375488,51.7948717948718
insH9,326,37850.9642,9.492985725402832,43.86503067484663
yghQ,355,38514.5955,9.785478782653804,58.028169014084504
yghR,252,28151.1598,9.616249275207519,45.23809523809524
yghS,237,26314.323899999996,9.796954154968262,49.36708860759494
yghT,230,25355.2777,9.847046089172363,48.26086956521739
pitB,499,53808.0925,9.731389808654786,56.1122244488978
gss,619,70531.0949,5.130253410339355,45.718901453958
yghU,288,32391.202299999997,6.207238578796387,47.22222222222222
hybG,82,8808.0575,4.155635261535645,51.21951219512195
hybF,113,12697.340400000001,5.097570991516112,42.47787610619469
hybE,162,17963.4329,5.282354545593261,48.148148148148145
hybD,164,17750.504399999998,4.669800758361816,54.268292682926834
hybC,567,62490.4046,5.842786979675293,47.44268077601411
hybB,392,43601.504799999995,9.005862617492678,61.224489795918366
hybA,328,35970.5744,7.190609931945801,41.15853658536585
hybO,372,39651.5833,6.276980018615721,43.81720430107527
yghW,95,10945.392,9.26193103790283,42.10526315789473
yqhI,47,5465.1822999999995,7.878890800476074,46.808510638297875
gpr,346,38831.7045,6.722597694396973,45.3757225433526
yqhA,164,18640.9754,6.501152992248534,59.756097560975604
yghA,294,31487.580299999998,6.319779777526856,48.29931972789115
exbD,141,15526.8184,4.698447608947753,51.06382978723404
exbB,244,26255.0058,8.051988410949708,51.63934426229508
metC,395,43211.8738,6.0060853958129865,48.10126582278481
yghB,219,24133.5982,9.471002006530764,62.10045662100456
yqhC,318,35956.331099999996,8.435962104797365,48.113207547169814
yqhD,387,42096.4983,5.719787406921387,48.320413436692505
dkgA,275,31109.2429,5.999037361145019,45.81818181818182
yqhG,308,34982.7693,4.876126289367675,44.48051948051948
yqhH,85,9512.953,8.796920585632325,47.05882352941176
ygiQ,739,83476.9216,9.237433052062986,46.14343707713126
ftsP,470,51857.5418,5.935150337219238,49.361702127659576
plsC,245,27452.8337,9.654672431945801,50.61224489795918
parC,752,83830.3125,6.242535591125488,46.54255319148936
ygiS,535,60693.1531,6.335353660583496,50.467289719626166
mqsA,131,14702.941700000001,9.097472190856934,42.74809160305343
mqsR,98,11231.8293,8.78847522735596,42.857142857142854
ygiV,160,17827.0481,5.271896171569824,49.375
ygiW,130,14010.591499999999,5.076199531555174,42.30769230769231
qseB,219,24677.2971,6.544293785095214,46.118721461187214
qseC,449,50281.0744,5.475379753112793,48.775055679287306
ygiZ,110,13200.8454,7.615083503723145,63.63636363636363
mdaB,193,21890.6384,5.845287895202636,47.15025906735752
ygiN,104,11532.276,5.79299602508545,50.96153846153846
parE,630,70243.0999,5.4356492996215815,43.96825396825397
yqiA,193,21641.246499999997,4.6126207351684565,52.331606217616574
cpdA,275,30919.571999999996,5.544723320007324,47.27272727272727
yqiB,140,16547.879399999998,9.029329109191895,50.0
nudF,209,23666.5176,4.981107902526855,47.368421052631575
tolC,493,53740.0446,5.460544776916504,43.40770791075051
ygiB,223,23479.1681,9.438703346252442,41.70403587443946
ygiC,386,45025.4735,4.688046073913574,47.40932642487047
ygiD,271,29902.966799999995,5.4694116592407225,52.767527675276746
zupT,257,26484.4801,6.041723442077637,62.64591439688716
yqiD,56,6809.872600000001,8.929467582702639,55.35714285714286
ribB,217,23353.233500000002,4.89783878326416,44.23963133640553
ubiK,96,11275.8417,5.895363044738769,38.54166666666667
ygiL,183,19493.7843,5.08381595611572,41.53005464480874
yqiG,28,3239.9743,9.746410942077635,53.57142857142857
insC5,121,13451.4657,9.518515205383299,47.107438016528924
insD5,301,34365.6654,9.212354850769042,42.19269102990033
yqiH,249,28491.631,9.167291450500489,46.1847389558233
yqiI,354,38554.3427,5.103027534484862,48.30508474576271
glgS,66,7891.813499999999,5.379094505310059,45.45454545454545
yqiJ,209,23086.8475,5.721833610534668,55.980861244019145
yqiK,553,60698.929200000006,5.066252708435058,43.942133815551536
ibsD,19,2150.8134999999997,8.344739341735842,89.47368421052632
ibsE,19,2206.8768,8.344739341735842,84.21052631578947
hldE,477,51050.0078,5.294063377380371,48.21802935010482
glnE,946,108417.1404,5.078359413146971,47.14587737843552
ygiF,433,48388.345,5.730643653869629,47.57505773672055
ygiM,206,23076.1064,9.095860481262207,42.23300970873786
cca,412,46434.5442,6.195416069030761,48.05825242718447
bacA,273,29758.4214,8.455882835388184,61.172161172161175
folB,122,13619.3617,4.6782129287719725,50.81967213114754
plsY,205,22193.168899999997,9.712951850891113,57.073170731707314
ttdR,310,35314.1804,6.093333244323729,46.45161290322581
ttdA,303,32733.197499999995,5.9289548873901365,45.87458745874587
ttdB,201,22679.214799999998,6.18194522857666,45.27363184079602
ttdT,487,52905.7902,8.957317924499513,65.91375770020534
tsaD,337,36007.9886,5.915256690979004,50.74183976261127
rpsU,71,8499.8547,11.150338935852048,40.845070422535215
dnaG,581,65563.8631,5.684945106506347,44.75043029259897
rpoD,613,70262.5035,4.689580726623535,41.76182707993475
mug,168,18673.154199999997,9.169032096862793,45.83333333333333
nfeF,254,28871.192299999995,5.531764030456542,48.818897637795274
nfeR,207,23401.0413,6.266351127624512,32.850241545893724
aer,506,55065.13739999999,7.799594688415528,45.8498023715415
patA,459,49642.772,6.060082435607909,49.23747276688453
ygjH,110,12315.2304,5.011914634704589,46.36363636363636
ebgR,327,36209.9053,5.693868827819824,46.48318042813456
ebgA,1030,117877.5214,5.283434486389159,45.24271844660194
ebgC,149,17456.410499999998,5.503685569763182,40.939597315436245
ygjI,477,52146.0193,9.171610832214355,60.58700209643606
ygjJ,356,40098.991,4.8594156265258786,45.2247191011236
ygjK,783,88319.99049999999,5.811355018615722,44.95530012771392
fadH,672,72677.3109,6.112431144714355,47.023809523809526
higA,138,14995.243799999998,4.762391471862792,53.62318840579711
higB,104,12102.9527,9.520255851745606,46.15384615384615
rlmG,378,42330.941399999996,6.317790412902832,46.2962962962963
ygjP,167,19482.3192,9.437800788879393,46.10778443113773
ygjQ,230,25479.571,10.08706188201904,51.30434782608696
ygjR,328,36213.8891,5.686138725280761,48.78048780487805
alx,321,35908.468199999996,8.777837944030761,63.862928348909655
sstT,414,43477.1944,8.814133644104007,58.69565217391305
ygjV,183,20512.2327,9.906743812561036,54.09836065573771
uxaA,495,54092.4626,5.335555839538574,43.63636363636363
uxaC,470,53986.5704,5.437752342224121,45.1063829787234
exuT,432,46891.771400000005,8.847528266906739,61.342592592592595
exuR,258,29835.345500000003,5.395464134216309,44.57364341085272
yqiM,27,3272.7819999999997,11.000256538391113,51.85185185185185
yqjA,220,24585.1822,9.652093696594239,60.0
mzrA,127,14172.031799999999,9.510650062561037,47.24409448818898
yqjC,122,13905.534899999999,8.814262580871585,36.885245901639344
yqjD,101,11051.3535,9.046219825744629,37.62376237623762
yqjE,134,15146.8614,6.916873359680175,52.98507462686567
yqjK,99,11778.5513,11.948457527160645,43.43434343434344
yqjF,130,14101.755599999999,9.45462703704834,58.46153846153847
yqjG,328,37385.599299999994,5.989943122863769,46.34146341463415
yhaH,121,14280.7625,9.72346019744873,58.67768595041323
yhaI,118,13455.741899999999,9.513873481750487,59.32203389830508
yhaJ,298,33256.0167,6.050704002380371,49.664429530201346
yhaK,233,25895.163200000003,6.351325416564941,47.21030042918455
yhaL,54,5960.790300000001,6.228837394714356,48.148148148148145
cyuA,436,45360.7281,5.182261085510253,50.45871559633027
cyuP,443,48314.141899999995,8.944166374206542,60.722347629796836
tdcG,454,48521.1389,5.771965599060058,48.6784140969163
tdcF,129,14007.0033,5.060625648498534,50.3875968992248
tdcE,764,85934.5257,5.482655143737793,47.12041884816754
tdcD,402,43383.6187,5.551714515686036,45.52238805970149
tdcC,443,48878.4055,9.08670597076416,57.78781038374717
tdcB,329,35232.0188,5.749116325378417,44.984802431610944
tdcA,312,34538.4504,5.452587318420409,47.43589743589743
tdcR,72,8607.7689,8.436929130554201,44.44444444444444
yhaB,179,20576.3218,6.430274772644043,46.36871508379888
yhaC,395,45250.3827,4.40078182220459,42.025316455696206
garK,381,39103.8837,4.912219047546387,46.194225721784775
garR,294,30427.115200000004,5.585192680358887,52.721088435374156
garL,256,27383.8047,5.66982593536377,51.171875
garP,444,49008.6523,9.116812705993652,59.23423423423423
garD,523,56400.937399999995,5.403137397766113,48.18355640535373
prlF,111,12358.804499999998,5.108484077453612,41.44144144144144
yhaV,154,17836.0273,9.254194831848142,41.55844155844156
agaR,269,29572.154899999998,5.371989631652832,41.2639405204461
kbaZ,426,47159.795399999995,5.16776714324951,50.0
agaV,157,17085.645399999998,5.544950675964355,52.22929936305732
agaS,384,41782.030999999995,5.338966178894043,51.302083333333336
kbaY,286,31293.320900000002,5.368806648254394,48.6013986013986
agaB,158,17622.0467,6.284539604187012,43.037974683544306
agaC,267,28644.533099999997,5.3232217788696286,61.42322097378277
agaD,263,29001.0349,9.279982185363771,55.893536121673
agaI,251,27723.519,5.759802055358887,43.82470119521912
yraH,194,20744.0913,4.447673988342285,48.45360824742268
yraI,231,25676.1854,9.392995262145995,47.61904761904761
yraJ,838,93615.0878,5.583260154724121,40.453460620525064
yraK,363,38534.9321,6.804616355895996,40.49586776859504
rsmI,286,31347.508700000002,5.827895164489747,48.6013986013986
lpoA,678,72824.2962,5.264620780944824,47.1976401179941
yraN,131,14797.481399999999,9.876830482482909,40.458015267175576
diaA,196,21073.7739,5.305658531188963,46.93877551020408
dolP,191,20027.7049,9.038483619689941,45.54973821989529
yraQ,346,37256.2582,9.571830558776853,65.3179190751445
yraR,211,23197.6284,8.663277626037598,49.28909952606635
yhbO,172,18858.198099999998,5.269565773010252,44.76744186046512
yhbP,147,16776.124799999998,8.973886299133301,46.93877551020408
yhbQ,100,11269.7785,9.844789695739745,42.0
yhbS,167,18533.5547,4.566183280944825,49.700598802395206
ubiT,174,19639.5661,5.0798372268676735,50.0
ubiU,331,37046.7124,6.639044380187988,48.338368580060425
ubiV,292,32534.930899999996,5.173905754089354,47.26027397260274
yhbW,335,37128.9067,5.991364097595214,49.850746268656714
mtr,414,44332.0169,9.417944526672365,60.86956521739131
deaD,629,70545.3329,8.745797157287598,41.81240063593005
yrbN,26,2979.3941999999997,5.737805366516113,50.0
nlpI,294,33620.3521,4.593579673767089,48.63945578231292
pnp,711,77082.01670000001,5.114167976379394,46.69479606188467
rpsO,89,10268.6405,10.4020544052124,37.07865168539326
truB,314,35086.6644,5.705350303649904,46.17834394904459
rbfA,133,15154.320899999999,5.9319673538208,45.11278195488722
infB,890,97348.7493,5.802203941345215,40.78651685393259
infB,890,97348.7493,5.802203941345215,40.78651685393259
infB,890,97348.7493,5.802203941345215,40.78651685393259
nusA,495,54870.2609,4.526623344421386,45.85858585858586
rimP,150,16632.7359,4.596933174133301,48.0
argG,447,49897.8317,5.230346870422362,43.40044742729307
yhbX,541,60751.91189999999,6.701908302307129,51.01663585951941
secG,110,11365.0276,6.090491294860839,51.81818181818182
glmM,445,47543.0352,5.711204719543457,47.86516853932584
folP,282,30614.766300000003,5.676987648010253,47.87234042553192
ftsH,644,70707.2745,5.906560325622559,46.73913043478261
rlmE,209,23334.8153,9.435415458679199,46.411483253588514
yhbY,97,10783.575799999999,9.415043449401857,43.29896907216495
greA,158,17640.743,4.711691093444824,43.67088607594937
dacB,477,51797.7105,8.943005943298342,49.266247379454924
obgE,390,43285.353,4.742895698547363,42.30769230769231
yhbE,321,34962.696599999996,10.061596870422363,61.99376947040498
rpmA,85,9124.361799999999,10.584886741638183,34.11764705882353
rplU,103,11564.201899999998,9.845885658264159,40.77669902912621
ispB,323,35216.5802,4.693445777893066,48.297213622291025
sfsB,92,10494.901,9.892818641662597,44.565217391304344
murA,419,44817.1296,5.8087972640991214,47.49403341288782
ibaG,84,9451.6294,5.831305503845214,46.42857142857143
mlaB,97,10680.2269,4.749659538269043,47.42268041237113
mlaC,211,23962.3186,9.354443168640138,49.763033175355446
mlaD,183,19575.9743,4.786832237243652,45.90163934426229
mlaE,260,27862.9251,9.994162940979006,58.46153846153847
mlaF,269,29096.488500000003,6.15722026824951,52.41635687732342
yrbG,325,34740.175500000005,5.4749250411987305,62.46153846153846
kdsD,328,35195.7353,6.219458961486816,48.78048780487805
kdsC,188,19996.8805,4.942400550842284,50.53191489361703
lptC,191,21702.3607,6.30017032623291,44.50261780104712
lptA,185,20126.6397,8.961572837829593,40.54054054054054
lptB,241,26800.322,5.639758110046387,46.47302904564315
rpoN,477,53989.134099999996,4.627171516418457,42.55765199161425
hpf,95,10750.1147,6.499959373474121,42.10526315789473
ptsN,163,17959.356200000002,5.567970466613769,43.558282208588956
rapZ,284,32491.908999999996,6.723563957214356,46.83098591549296
npr,90,9810.0251,4.3445112228393565,47.77777777777778
yrbL,210,24344.7444,8.989487648010254,40.95238095238095
mtgA,242,27341.2693,10.03568058013916,52.066115702479344
elbB,217,22981.304900000003,4.675370979309082,51.61290322580645
arcB,778,87981.8503,4.985825538635253,46.01542416452442
yhcC,309,34606.1703,8.034710884094238,43.36569579288026
gltB,1486,163295.057,6.149944877624511,46.29878869448183
gltD,472,52014.7104,5.536538505554199,43.64406779661017
gltF,254,26351.3712,5.304692268371581,43.30708661417323
yhcA,224,25338.6711,9.022237586975098,43.75
yhcD,793,86288.3654,4.797517967224121,41.488020176544765
yhcE,159,17086.0462,8.985361671447755,40.88050314465409
insH10,326,37850.9642,9.492985725402832,43.86503067484663
yhcF,238,24899.822999999997,8.47412738800049,43.69747899159664
yhcG,375,43292.944,6.4382322311401365,46.13333333333333
nanQ,154,17037.5089,4.94876651763916,48.701298701298704
nanK,291,29643.512500000004,5.625775718688964,49.140893470790374
nanE,229,24073.392,4.8915864944458,51.96506550218341
nanT,496,53550.592,9.54417362213135,59.2741935483871
nanA,297,32593.081299999998,5.610088157653809,48.148148148148145
nanR,263,29523.966,6.006596946716308,44.866920152091254
dcuD,455,48830.2123,9.167678260803225,61.97802197802198
sspB,165,18262.198099999998,4.377023124694825,50.303030303030305
sspA,212,24304.6215,5.221423149108886,50.47169811320755
rpsI,130,14856.022599999998,10.943524360656738,40.0
rplM,142,16018.3462,9.905325508117674,44.36619718309859
zapE,375,43063.029299999995,6.36797924041748,46.666666666666664
yhcB,132,14960.676199999998,5.648113441467285,45.45454545454545
degQ,455,47204.4599,5.763496589660644,46.15384615384615
degS,355,37580.5493,5.392906379699707,48.16901408450705
mdh,312,32336.896699999998,5.606734657287597,48.07692307692308
argR,156,16994.3173,4.9277360916137685,47.43589743589743
yhcN,87,9196.3053,5.7142740249633786,47.12643678160919
yhcO,90,10796.0038,4.482573127746583,45.55555555555556
aaeB,655,73590.5979,9.376362419128416,52.97709923664122
aaeA,310,34742.0735,9.29661502838135,46.45161290322581
aaeX,67,7846.489,7.824157142639161,74.6268656716418
aaeR,309,34515.605800000005,8.325269889831542,49.19093851132686
tldD,481,51363.485,4.929725456237792,44.49064449064449
yhdP,1266,139019.41859999998,5.376252555847168,46.12954186413902
rng,489,55363.525200000004,5.603722190856933,43.76278118609407
yhdE,197,21515.181299999997,5.553362846374512,45.17766497461929
mreD,162,18755.4975,10.553812980651855,69.1358024691358
mreC,367,39529.913,8.514871406555176,49.863760217983646
mreB,347,36951.9909,5.192378425598143,47.55043227665706
csrD,646,73338.3833,8.79169864654541,45.51083591331269
yhdH,324,34723.358,5.631516456604003,48.148148148148145
accB,156,16687.0389,4.657523536682128,52.56410256410257
accC,449,49320.1891,6.65461826324463,46.99331848552338
yhdT,80,9097.6697,5.0378332138061515,65.0
panF,483,51716.4075,9.573893547058105,62.52587991718427
prmA,293,31876.738999999998,4.310748863220215,48.4641638225256
dusB,321,35865.7106,6.268567848205566,48.598130841121495
fis,98,11239.813,9.34451503753662,42.857142857142854
yhdJ,294,33397.0686,8.884790992736818,46.25850340136054
yhdU,59,7203.473599999999,5.042494010925293,55.932203389830505
envR,220,25197.8861,5.693357276916504,48.18181818181818
acrE,385,41317.1584,5.940436363220214,45.19480519480519
acrF,1034,111453.0688,5.312081336975097,53.868471953578336
yhdV,73,7451.6281,6.687187004089356,50.68493150684932
yhdX,393,43260.6657,10.431323051452637,60.05089058524173
yhdY,367,41483.813200000004,9.79353733062744,59.945504087193456
yhdZ,252,28573.8694,6.59692668914795,46.42857142857143
yrdA,184,20244.7866,5.258595848083496,45.108695652173914
yrdB,85,9974.861299999999,4.167855644226075,41.17647058823529
aroE,272,29413.2785,5.349367713928221,49.63235294117647
tsaC,190,20735.4228,4.9413774490356435,51.05263157894737
yrdD,180,19870.788999999997,8.57302188873291,40.0
smg,157,18509.9309,4.0500284194946286,50.955414012738856
smf,374,40954.392100000005,5.906219291687012,51.33689839572193
def,169,19328.200399999998,5.2288122177124015,46.15384615384615
fmt,315,34135.9989,5.563082313537596,49.84126984126984
rsmB,429,48346.9428,7.165373420715333,46.85314685314685
trkA,458,50367.17,5.613271141052246,48.90829694323144
mscL,136,14956.582599999998,6.5818075180053714,58.08823529411765
arfA,72,8171.2862,10.29336071014404,31.944444444444443
zntR,141,16179.235700000001,5.967093849182128,37.5886524822695
yhdN,122,13944.5867,4.903920555114746,44.26229508196721
rplQ,127,14364.4226,11.052089118957518,43.30708661417323
rpoA,329,36511.2854,4.982074165344237,44.37689969604863
rpsD,206,23468.806,10.05199108123779,41.74757281553398
rpsK,129,13844.7641,11.328271675109864,42.63565891472868
rpsM,118,13067.1679,10.782675743103027,41.52542372881356
rpmJ,38,4364.2899,10.694676399230957,34.21052631578947
secY,443,48511.090299999996,9.894430351257324,57.78781038374717
rplO,144,14980.236399999998,11.184893989562987,39.58333333333333
rpmD,59,6541.7186,10.956482505798338,44.06779661016949
rpsE,167,17603.1811,10.109045600891111,45.50898203592814
rplR,117,12769.469799999999,10.415657234191894,46.15384615384615
rplF,177,18903.5447,9.709599494934082,45.76271186440678
rpsH,130,14126.3944,9.441411018371582,47.69230769230769
rpsN,101,11580.3511,11.162910270690915,41.584158415841586
rplE,179,20301.3308,9.490858268737792,46.927374301675975
rplX,104,11316.0669,10.21084117889404,41.34615384615385
rplN,123,13540.8731,10.431323051452637,43.90243902439025
rpsQ,84,9704.3338,9.640424919128417,40.476190476190474
rpmC,63,7273.364299999999,9.983783531188966,39.682539682539684
rplP,136,15281.023799999999,11.224928855895993,47.05882352941176
rpsC,233,25982.910599999996,10.27337551116943,45.06437768240343
rplV,110,12226.1462,10.232824897766111,43.63636363636363
rpsS,92,10430.158800000001,10.523770713806151,42.391304347826086
rplB,273,29860.089699999997,10.930695152282716,39.56043956043956
rplW,100,11198.9822,9.9352388381958,43.0
rplD,201,22086.2578,9.724362754821776,45.27363184079602
rplC,209,22243.237299999997,9.904616355895993,41.62679425837321
rpsJ,103,11735.440999999999,9.681040000915527,45.63106796116505
gspB,139,15875.804300000002,4.782910346984862,46.76258992805755
gspA,489,55297.3104,8.665082740783692,46.012269938650306
gspC,271,30005.65,6.823543739318848,45.018450184501845
gspD,650,70697.2575,5.4818025588989245,43.84615384615385
gspE,493,54609.9373,5.8922937393188475,45.436105476673426
gspF,398,44338.517400000004,9.991777610778808,50.25125628140703
gspG,145,15904.9961,5.137358283996581,48.275862068965516
gspH,169,18564.8446,4.538900566101075,50.29585798816568
gspI,125,13901.2922,4.684749412536621,35.199999999999996
gspJ,195,22230.9234,5.873480033874511,43.58974358974359
gspK,327,37646.128699999994,5.614635276794433,46.48318042813456
gspL,387,44539.3359,6.312277030944825,47.02842377260982
gspM,153,17233.605,6.05047664642334,46.40522875816993
gspO,225,24956.507899999997,7.61548137664795,64.44444444444444
bfr,158,18494.8155,4.690205955505371,44.303797468354425
bfd,64,7362.5629,8.816454505920412,42.1875
chiA,897,97056.51000000001,5.441674232482909,44.481605351170565
tufA,394,43250.974599999994,5.297814750671387,44.923857868020306
fusA,704,77580.3934,5.236030769348144,46.16477272727273
rpsG,179,20018.850300000002,10.364598274230957,45.81005586592179
rpsL,124,13736.9062,10.87602596282959,38.70967741935484
tusB,95,10718.1968,5.114679527282715,51.578947368421055
tusC,119,13044.863099999999,4.699982261657714,56.30252100840336
tusD,128,13641.119999999999,4.916481971740722,49.21875
yheO,240,26820.2634,5.395179939270019,42.5
fkpA,270,28881.557099999998,8.386256980895997,45.18518518518518
slyX,72,8214.237099999998,4.888858222961425,45.83333333333333
slyD,196,20852.6112,4.856175804138183,37.244897959183675
yheV,66,7598.6928,6.811948585510254,40.909090909090914
kefB,601,66410.37210000001,6.111351203918456,55.24126455906821
kefG,184,20957.7287,7.833182716369629,53.2608695652174
yheS,637,71842.5486,5.50010471343994,43.64207221350079
yheT,340,38494.7603,7.255520057678223,49.705882352941174
yheU,72,8469.4672,4.691172218322753,41.66666666666667
prkB,289,32343.604999999996,6.175977134704589,48.09688581314879
yhfA,134,14516.572699999999,5.518520545959471,47.76119402985074
crp,210,23640.1581,8.376199913024902,43.80952380952381
yhfK,700,79952.6282,9.160070991516115,53.42857142857142
argD,406,43766.4533,5.791631889343263,50.0
yrfJ,17,2168.5907,11.999967765808105,41.17647058823529
pabA,187,20771.6199,6.1102144241333,48.663101604278076
fic,200,22959.7546,5.18413677215576,47.0
yhfG,55,6566.4715,10.137927436828612,40.0
ppiA,190,20431.079299999998,8.804398918151858,49.473684210526315
tsgA,393,43165.9114,9.082451057434085,59.796437659033074
nirB,847,93120.26860000001,5.789869880676269,43.68358913813459
nirD,108,12283.8616,5.07398281097412,44.44444444444444
nirC,268,28562.1842,8.720654487609863,58.2089552238806
cysG,457,49918.750400000004,5.850005531311035,47.26477024070022
yhfL,55,5818.767900000001,8.57186145782471,47.27272727272727
frlA,445,47575.973,8.93565654754639,60.22471910112359
frlB,340,38568.781,4.963658332824706,50.0
frlC,276,31168.5198,5.060682487487792,50.72463768115942
frlD,261,28331.515600000002,4.766995429992675,48.65900383141762
frlR,243,27820.337199999998,6.902777290344238,43.20987654320987
yhfS,361,38598.9036,6.396512413024904,50.96952908587258
yhfT,434,46515.7803,6.526503181457519,62.67281105990783
yhfU,117,12478.5873,8.776355171203612,49.572649572649574
php,292,32915.0566,5.250297355651854,44.178082191780824
yhfW,408,44558.990000000005,4.893234825134278,47.549019607843135
yhfX,387,42293.8612,5.900592231750489,49.35400516795866
yhfY,120,13527.5065,4.619725608825683,48.333333333333336
yhfZ,301,33504.0594,6.016600608825683,45.84717607973422
trpS,334,37437.384300000005,6.266578483581543,46.706586826347305
gph,252,27388.829999999998,4.577892112731934,51.587301587301596
rpe,225,24553.9646,5.127184104919433,52.0
dam,278,32099.2112,8.776999855041506,49.280575539568346
damX,428,46161.3353,5.687389183044433,38.55140186915888
aroB,362,38880.5391,5.721094703674317,50.552486187845304
aroK,173,19537.810999999998,5.262688255310058,39.30635838150289
hofQ,412,44715.6684,5.97692699432373,45.38834951456311
hofP,134,15098.0427,8.92804927825928,38.059701492537314
hofO,146,16846.0337,5.606393623352051,51.369863013698634
hofN,179,20795.6174,10.932306861877443,46.36871508379888
hofM,259,28999.941499999997,6.529913520812988,51.737451737451735
mrcA,850,93602.96599999999,6.164211463928221,48.470588235294116
nudE,186,21152.9129,4.847252082824705,48.924731182795696
igaA,711,79489.0205,5.723822975158692,49.226441631504926
yrfG,222,25398.5248,5.070572471618651,47.74774774774775
hslR,133,15495.668300000001,9.934980964660646,41.35338345864661
hslO,292,32534.115499999996,4.354401206970215,44.52054794520548
yhgE,574,64636.50959999999,9.07639102935791,56.62020905923345
pck,540,59642.749899999995,5.459010124206543,44.81481481481481
envZ,450,50333.45649999999,6.349961280822753,50.22222222222222
ompR,239,27353.3166,6.037574195861816,48.53556485355649
greB,158,18526.8246,7.736605262756348,44.303797468354425
yhgF,773,85118.8567,5.9176439285278315,46.183699870633895
feoA,75,8370.7268,9.425164985656739,50.66666666666667
feoB,773,84472.7003,5.809593009948731,54.075032341526516
feoC,78,8660.0667,7.653449821472169,44.871794871794876
rpnA,292,33267.115300000005,5.931512641906737,49.65753424657534
bioH,256,28504.6644,6.4970605850219725,51.953125
yhgH,227,25725.998199999998,10.508620643615721,47.136563876651984
nfuA,191,20997.4755,4.524122428894043,45.54973821989529
gntT,438,45966.0853,8.34764041900635,62.55707762557078
malQ,694,78502.5889,6.138008689880371,48.126801152737755
malP,797,90521.26860000001,6.93779010772705,47.67879548306148
malT,901,103117.20969999999,6.02836627960205,47.05882352941176
rtcA,338,35902.7803,6.726576423645019,48.22485207100592
rtcB,408,45221.22779999999,5.923612022399902,45.83333333333333
rtcR,532,60298.5542,6.636145591735841,43.984962406015036
glpG,276,31306.3219,9.23588581085205,59.05797101449275
glpE,108,12082.3382,4.492917823791504,48.148148148148145
glpD,501,56749.8374,6.963936042785644,45.70858283433134
yzgL,93,10129.337899999999,7.779673957824707,67.74193548387096
glgP,815,93171.41219999999,5.572006034851074,46.38036809815951
glgA,477,52821.7612,6.144658851623535,52.20125786163522
glgC,431,48697.1057,5.774239158630371,46.635730858468676
glgX,657,73575.7647,5.645271492004395,48.09741248097412
glgB,728,84335.8412,5.912471580505371,46.291208791208796
yhgO,13,1575.9162999999999,8.496175575256348,69.23076923076923
yhgP,9,1043.2392,6.49529857635498,55.55555555555556
asd,367,40017.4244,5.368465614318848,46.86648501362398
yhgN,197,21490.134299999998,9.59355640411377,63.95939086294417
gntU,446,46383.347,6.577089881896973,61.88340807174888
gntK,175,19525.005,6.246514320373536,44.0
gntR,331,36421.6215,6.409244346618652,47.73413897280967
yhhW,231,26279.0702,5.206190299987792,44.15584415584416
yhhX,345,38764.5161,6.0660505294799805,46.08695652173913
yhhY,162,18793.3391,7.0063379287719725,46.2962962962963
yhhZ,392,44230.7604,8.849268913269043,41.58163265306122
yrhA,138,15950.108699999999,4.4459119796752935,48.55072463768116
insA6,91,9836.214699999999,10.322113609313963,35.16483516483517
insB6,167,19564.3535,10.126387596130368,43.712574850299404
yrhD,51,6026.824299999999,4.802121925354004,49.01960784313725
yrhB,94,10612.7515,4.727264976501464,48.93617021276596
ggt,580,61767.21370000001,5.38193645477295,47.58620689655172
yhhA,146,16623.648,10.887694740295409,37.67123287671233
ugpQ,247,27409.2672,6.090491294860839,48.178137651821864
ugpC,356,39523.2211,7.153153038024903,46.06741573033708
ugpE,281,31499.3612,5.895363044738769,64.05693950177937
ugpA,295,33263.4502,8.729293251037596,63.389830508474574
ugpB,438,48448.1509,6.285960578918457,45.89041095890411
livF,237,26309.9361,5.603040122985839,46.41350210970464
livG,255,28426.515099999997,6.663883018493654,46.666666666666664
livM,425,46268.74679999999,9.664149284362793,60.705882352941174
livH,308,32981.9155,7.723304939270019,61.36363636363637
livK,369,39378.223099999996,5.493795585632324,46.883468834688344
panZ,127,14505.371000000001,6.585388374328613,44.09448818897638
livJ,367,39075.924499999994,5.540233039855956,47.41144414168937
rpoH,284,32468.427,5.63913288116455,45.774647887323944
ftsX,352,38543.1783,9.078002738952637,51.13636363636363
ftsE,222,24438.947,9.36720790863037,45.4954954954955
ftsY,497,54512.658,4.470750617980956,45.67404426559356
rsmD,198,21677.338,5.958965873718263,46.96969696969697
yhhL,89,10251.5857,10.462525749206542,61.79775280898876
yhhM,119,13496.3367,10.061210060119631,43.69747899159664
yhhN,208,23790.2834,9.418718147277833,68.26923076923077
zntA,732,76838.9583,5.697506523132325,52.322404371584696
tusA,81,9094.4566,5.1806127548217775,46.913580246913575
yhhQ,221,25268.6106,9.771037864685056,63.348416289592755
dcrB,185,19787.2749,5.0845548629760735,42.7027027027027
yhhS,405,42155.079,9.75982036590576,63.456790123456784
yhhT,349,38521.7598,10.095894050598144,63.323782234957015
acpT,195,21767.5417,5.475038719177246,49.23076923076923
nikA,524,58718.27249999999,5.7451375961303714,50.95419847328244
nikB,314,35247.6915,9.84014797210693,62.42038216560509
nikC,277,30329.544100000003,7.339869117736817,59.56678700361011
nikD,254,26820.105300000003,5.96033000946045,52.362204724409445
nikE,268,29721.316499999997,10.10898113250732,44.776119402985074
nikR,133,15093.6034,5.770544624328613,37.59398496240601
rhsB,1411,159392.9829,6.257938957214355,39.546420978029765
yhhH,127,14530.613500000001,7.681641960144044,44.881889763779526
yhhI,378,43145.0761,6.606646156311036,42.32804232804233
yhhJ,374,41061.0988,6.9257402420043945,56.68449197860963
rbbA,911,100783.6789,5.7944738388061525,51.15257958287596
yhiI,355,38827.9385,6.893739891052246,50.140845070422536
yhiY,37,4153.0817,11.829706764221193,59.45945945945946
yhiJ,540,61163.68909999999,6.077247810363769,41.85185185185185
yhiM,350,37624.614700000006,8.231597328186037,60.0
yhiN,400,43708.493700000006,5.867966651916503,46.5
pitA,499,53388.416,9.53321399688721,55.11022044088176
uspB,111,13027.2408,9.193207740783691,54.95495495495496
uspA,144,16066.196499999998,5.114906883239747,47.22222222222222
yriA,24,2924.506,9.690710258483886,66.66666666666666
yriB,17,1904.2604000000001,5.711773109436035,58.82352941176471
dtpB,489,53574.5573,8.66372890472412,62.985685071574636
rsmJ,250,26916.802900000002,6.660188484191895,51.2
prlC,680,77166.2822,5.150658607482909,47.794117647058826
rlmJ,280,31941.3007,8.589138984680176,48.57142857142857
gor,450,48771.947199999995,5.639246559143066,46.666666666666664
dinQ,27,2988.7336999999998,6.04007511138916,74.07407407407408
arsR,117,13252.4107,8.260479164123538,46.15384615384615
arsB,429,45496.8568,8.592362403869632,64.33566433566433
arsC,141,15853.1243,5.412629508972167,45.39007092198582
yhiS,260,29449.732699999997,5.0017404556274405,40.38461538461539
insH11,326,37850.9642,9.492985725402832,43.86503067484663
slp,188,20963.6428,6.822065925598144,50.0
dctR,176,20407.988100000002,8.946680641174318,50.0
yhiD,215,23213.0819,6.582432746887207,51.627906976744185
hdeB,108,12042.6941,5.727062797546388,48.148148148148145
hdeA,110,11857.4891,5.055737495422362,47.27272727272727
hdeD,190,20903.104,9.553392601013183,64.73684210526316
gadE,175,20599.1407,9.73042278289795,45.714285714285715
mdtE,385,41190.061799999996,5.729961585998535,43.896103896103895
mdtF,1037,111515.8538,5.325950050354003,54.001928640308584
gadW,242,28028.130599999997,8.87151050567627,45.04132231404959
gadX,274,31562.1553,9.095796012878417,47.81021897810219
gadA,466,52684.5637,5.220911598205565,48.06866952789699
ccp,465,51569.933099999995,5.984543418884278,46.45161290322581
treF,549,63695.933,4.914606285095213,47.90528233151184
yhjB,200,22603.9723,6.315460014343262,47.5
rcdB,299,33329.156500000005,8.482508277893068,49.49832775919732
yhjD,337,37910.9771,9.731776618957518,54.00593471810089
yhjE,440,47207.4299,9.51857967376709,61.81818181818181
yhjG,686,74456.55979999999,8.65167331695557,46.35568513119534
pdeH,255,29600.900499999996,6.005517005920409,50.588235294117645
kdgK,309,33961.9614,4.922791099548339,45.63106796116505
yhjJ,498,55526.7084,5.726380729675294,48.393574297188756
dctA,428,45435.7319,8.904776191711427,57.71028037383178
pdeK,662,74362.3779,6.076281547546387,53.625377643504535
bcsC,1157,127722.36910000001,5.87950496673584,43.64736387208297
bcsZ,368,41699.7763,8.637425804138186,47.01086956521739
bcsB,779,86022.6517,5.685286140441894,50.83440308087292
bcsA,872,99783.3515,9.57137928009033,53.096330275229356
yhjR,62,7017.838400000001,4.312624549865723,54.83870967741935
bcsE,523,59427.432199999996,6.138747596740722,47.22753346080306
bcsF,63,7363.855799999999,11.255615806579591,53.96825396825397
bcsG,559,62031.19929999999,6.109873390197753,51.878354203935594
ldrD,35,3916.6785,8.365627098083497,65.71428571428571
yhjV,423,47256.945100000004,9.262769126892088,61.22931442080378
dppF,334,37560.017900000006,9.028297615051269,44.91017964071856
dppD,327,35843.973099999996,6.152957344055174,49.235474006116206
dppC,300,32308.0877,6.277718925476075,63.66666666666667
dppB,339,37496.5293,8.76146297454834,59.882005899705014
dppA,535,60292.9567,6.210705757141112,47.10280373831775
eptB,563,63803.636,8.825931358337403,49.733570159857905
yhjX,402,42950.3091,9.283914756774902,56.71641791044776
yhjY,232,25950.4212,4.492349433898925,44.396551724137936
tag,187,21099.8731,6.200815773010253,43.85026737967914
yiaC,146,17103.6306,6.406800270080566,54.794520547945204
bisC,777,85831.6205,5.582691764831543,46.58944658944659
yiaD,219,22196.9672,9.809718894958493,43.37899543378995
ghrB,324,35395.099200000004,5.500218391418456,49.691358024691354
yiaF,236,25662.795,6.078782463073729,48.728813559322035
yiaG,96,11032.7505,7.880180168151855,41.66666666666667
cspA,70,7403.1874,5.578087806701659,40.0
ysaE,23,2605.1157,11.999967765808105,52.17391304347826
hokA,50,5998.2152,7.720462989807129,56.00000000000001
insJ,173,19724.8105,10.023947334289552,46.82080924855491
insK,283,33445.0166,9.625984001159669,43.46289752650176
glyS,689,76812.0045,5.290994071960449,49.34687953555878
glyQ,303,34773.975,4.894655799865721,47.194719471947195
ysaB,99,11336.097099999999,8.519448661804201,48.484848484848484
wecH,331,37569.3984,9.531279945373537,60.12084592145015
yiaA,145,16122.5416,5.10126552581787,55.86206896551724
yiaB,113,12555.032599999999,9.12396869659424,61.94690265486725
xylB,484,52617.644199999995,5.493909263610839,50.6198347107438
xylA,440,49741.4142,5.74672908782959,45.22727272727273
xylF,330,35733.6006,5.448779106140137,46.666666666666664
xylG,513,56469.7561,5.800498771667479,44.44444444444444
xylH,393,41030.369399999996,10.311025047302241,58.524173027989825
xylR,392,44868.6318,6.140395927429199,47.19387755102041
bax,274,30867.2817,10.401280784606932,42.700729927007295
baxL,8,951.0530000000001,4.369065666198731,25.0
malS,676,75711.7413,5.339307212829589,44.82248520710059
avtA,417,46710.69499999999,5.64953441619873,50.11990407673861
ysaA,157,17459.2025,7.82634906768799,40.12738853503185
plaR,282,31066.3047,6.415610313415528,46.09929078014184
yiaK,332,36572.3266,5.191298484802245,46.3855421686747
yiaL,155,17548.934800000003,5.328791999816894,49.67741935483871
yiaM,157,17515.656,8.52086696624756,60.509554140127385
yiaN,425,45367.632,7.700171470642091,67.52941176470588
yiaO,328,35969.6455,6.612841606140138,46.95121951219512
lyxK,498,55154.22839999999,5.67892017364502,46.3855421686747
sgbH,220,23444.486,5.3453889846801745,49.54545454545455
sgbU,286,32422.7571,5.534094429016112,48.25174825174825
sgbE,231,25560.5675,5.581611824035644,49.35064935064935
yiaT,246,27413.2045,4.539639472961426,49.1869918699187
yiaU,324,37274.014,5.569050407409667,46.913580246913575
yiaV,378,41770.6379,9.08270893096924,51.85185185185185
yiaW,107,12408.4332,7.020149803161621,59.813084112149525
aldB,512,56305.6913,5.438945960998535,48.4375
yiaY,383,40350.92599999999,5.196584510803221,51.174934725848566
selB,614,68866.613,6.107258796691894,46.579804560260584
selA,463,50606.6002,6.045759010314941,48.38012958963283
yibF,202,22544.7893,5.101095008850096,51.48514851485149
rhsA,1377,156318.82749999998,6.313698005676271,40.2323892519971
yibA,280,31873.250699999997,8.651093101501466,42.142857142857146
yibG,153,18078.5461,9.347867393493651,42.48366013071895
yibV,111,12322.2264,9.177219581604007,46.846846846846844
yibH,378,41987.7766,7.071077537536621,51.587301587301596
yibI,120,13865.9092,6.352291679382325,58.333333333333336
mtlA,637,67971.47529999999,6.047123146057129,51.80533751962323
mtlD,382,41138.5077,5.356927299499512,48.952879581151834
mtlR,195,21989.8847,4.70737133026123,49.23076923076923
yibT,69,7995.198399999999,9.394993782043457,52.17391304347826
yibL,120,13695.8613,9.485249519348145,41.66666666666667
lldP,551,59167.439600000005,8.944230842590333,62.794918330308526
lldR,258,29165.8791,6.417372322082519,46.12403100775194
lldD,396,42727.7068,6.332511711120605,52.52525252525253
trmL,157,17726.0435,6.1950181961059565,51.59235668789809
cysE,273,29316.3044,6.050135612487793,49.45054945054945
gpsA,339,36361.1934,6.08526210784912,47.49262536873156
secB,155,17277.1748,4.264709281921387,45.806451612903224
grxC,83,9137.3986,6.706966972351075,43.373493975903614
yibN,143,15596.062499999998,9.371978569030762,48.25174825174825
gpmM,514,56193.2416,5.141223335266112,48.44357976653696
envC,419,46594.0796,9.90964488983154,40.09546539379475
yibQ,319,35334.2757,9.625597190856933,50.470219435736674
waaH,344,40523.8978,9.36024532318115,45.348837209302324
tdh,341,37238.6448,5.9432783126831055,47.80058651026393
kbl,398,43116.5547,5.640383338928221,47.48743718592965
htrL,285,33457.582500000004,9.66427822113037,47.01754385964912
rfaD,310,34892.732099999994,4.800473594665529,46.45161290322581
waaF,348,39041.6864,7.148037528991699,51.724137931034484
waaC,319,35543.334299999995,9.02410717010498,49.843260188087775
waaL,419,46877.078499999996,9.590204048156735,57.279236276849645
yibX,80,8725.096800000001,6.315573692321778,52.5
yibX,80,8725.096800000001,6.315573692321778,52.5
yibY,36,4026.9417000000003,11.097023582458494,63.888888888888886
waaU,357,41728.925500000005,8.767523002624515,45.938375350140056
waaZ,283,32919.699400000005,9.246458625793458,44.87632508833922
waaY,232,27460.6145,9.685617256164551,43.103448275862064
waaJ,338,39007.7949,8.93281993865967,49.70414201183432
waaO,339,39422.7038,7.667830085754395,49.852507374631266
waaB,359,40825.441699999996,6.317108345031738,46.239554317548745
waaS,311,36730.015499999994,8.900198936462402,44.05144694533762
waaP,265,30871.9654,9.938978004455567,46.0377358490566
waaG,374,42283.6126,7.21664218902588,47.860962566844925
waaQ,344,38730.219,6.8286024093627935,48.54651162790697
waaA,425,47290.470499999996,9.797018623352049,53.17647058823529
coaD,159,17836.4355,6.48984203338623,52.20125786163522
mutM,269,30289.704500000003,8.679007911682131,46.09665427509294
rpmG,55,6371.5031,10.248297309875486,38.18181818181819
rpmB,78,9006.382999999998,11.421235084533691,38.46153846153847
yicR,222,25311.098899999997,8.557227134704593,45.94594594594595
dfp,406,43437.6443,7.056469917297362,52.463054187192114
dut,152,16286.478799999997,5.030842018127441,48.026315789473685
slmA,198,22836.074399999998,8.783124351501463,43.93939393939394
pyrE,213,23566.706100000003,5.333395957946778,48.35680751173709
rph,228,24424.6105,5.370398139953613,43.42105263157895
yicC,287,33174.5364,5.09973087310791,44.94773519163763
dinD,274,31077.777800000003,8.36665859222412,39.05109489051095
yicG,205,22048.1475,9.2992582321167,63.41463414634146
ligB,560,63178.60429999999,9.114040565490722,47.14285714285714
gmk,207,23592.4243,6.066448402404785,44.927536231884055
rpoZ,91,10236.4514,4.870158195495605,42.857142857142854
spoT,702,79323.49759999999,8.889755058288575,45.86894586894587
trmH,229,25342.814599999998,6.706398582458497,48.47161572052402
recG,693,76429.4778,6.778470420837402,48.917748917748916
gltS,401,42424.6348,8.645613288879396,62.094763092269325
xanP,463,48867.4837,6.902947807312012,58.747300215982726
yicH,569,62271.6488,5.672895240783691,46.04569420035149
yicI,772,88078.3269,5.522442436218261,45.59585492227979
yicJ,460,50947.878399999994,8.71201572418213,57.173913043478265
setC,394,43492.888999999996,8.584303855895996,60.659898477157356
yicL,307,33112.0853,10.21909313201904,57.32899022801303
yicU,19,2182.5662,10.446408653259276,42.10526315789473
nlpA,272,29423.214500000002,5.765997505187988,46.69117647058824
yicS,97,11069.6112,5.069492530822752,46.391752577319586
nepI,396,41841.5371,9.587689781188963,60.60606060606061
yicN,150,17218.8109,6.506666374206542,54.0
adeQ,444,46933.0927,5.703758811950684,57.88288288288288
adeD,588,63738.6276,5.234439277648924,47.7891156462585
uhpT,463,50605.988900000004,8.92527713775635,55.291576673866096
uhpC,439,48256.094900000004,8.95557727813721,60.36446469248291
uhpB,500,56305.2101,8.193367576599119,52.6
uhpA,196,20889.081700000002,5.724959754943849,49.48979591836735
ilvN,96,11105.6394,5.69006061553955,43.75
ilvB,562,60439.91,5.302248191833496,51.245551601423486
ivbL,32,3205.875,11.000256538391113,68.75
tisB,29,3222.0613999999996,8.18930606842041,75.86206896551724
ysdE,24,2827.2486,10.295036888122556,33.33333333333333
emrD,394,42215.2788,9.625274848937988,60.40609137055838
yidF,165,19187.7333,5.842673301696778,46.06060606060606
yidG,120,13768.1503,10.472905158996582,58.333333333333336
yidH,115,12779.192,8.886467170715335,62.60869565217392
yidI,149,15728.6547,9.06323947906494,54.36241610738255
yidJ,497,57294.743700000006,5.2011316299438475,45.87525150905433
yidK,571,62084.204600000005,9.350961875915527,60.24518388791593
yidL,297,33957.5744,6.791941261291503,47.81144781144781
glvB,161,17626.0405,5.919462776184082,45.962732919254655
glvC,368,39691.65839999999,6.150285911560058,60.597826086956516
yidP,238,27327.500699999997,9.489439964294434,48.319327731092436
yidE,553,58938.2361,8.351959800720216,56.23869801084991
ibpB,142,16093.001800000002,5.189138603210448,45.07042253521127
ibpA,137,15773.5032,5.573540687561034,45.98540145985402
yidQ,110,11825.5035,5.686366081237793,46.36363636363636
yidR,415,46186.0476,5.81686840057373,44.81927710843374
cbrA,354,40141.9616,9.524317359924318,47.175141242937855
dgoT,430,47076.1471,9.426518821716307,59.06976744186046
dgoD,382,42522.3821,5.255810737609862,51.047120418848166
dgoA,205,21390.3435,4.9907136917114245,55.1219512195122
dgoK,292,31373.211699999996,5.606336784362793,47.94520547945205
dgoR,229,26079.315000000002,5.467820167541503,47.59825327510917
yidX,218,24169.3395,8.599196052551271,47.706422018348626
yidA,270,29720.7892,5.10751781463623,51.48148148148148
yidB,132,13786.4029,4.368156242370605,43.18181818181818
gyrB,804,89948.8326,5.7236524581909185,42.78606965174129
recF,357,40513.5654,6.779038810729981,42.296918767507
dnaN,366,40586.1554,5.249785804748535,47.540983606557376
dnaA,467,52518.0983,8.776290702819825,46.466809421841546
ysdD,26,3111.4957,10.90323162078857,34.61538461538461
rpmH,46,5380.33,11.999967765808105,34.78260869565217
rnpA,119,13756.963499999998,11.814556694030763,44.537815126050425
yidD,85,9380.9527,9.916543006896973,50.588235294117645
yidC,548,61525.1847,7.7003988265991214,50.912408759124084
mnmE,454,49230.2561,4.891529655456543,47.136563876651984
tnaC,24,2894.3758,7.998479652404785,45.83333333333333
tnaA,471,52772.8594,5.875810432434082,47.983014861995755
tnaB,415,45210.0993,9.155622673034667,59.518072289156635
mdtL,391,41489.2594,9.125838279724121,61.63682864450127
yidZ,319,36881.3846,7.1219484329223635,50.78369905956113
yieE,249,27646.3386,7.183505058288575,45.38152610441767
yieF,188,20375.326,5.00645809173584,50.53191489361703
adeP,445,46865.2077,8.43293209075928,58.651685393258425
yieH,221,24664.0568,5.1157026290893555,50.2262443438914
cbrB,155,16683.014300000003,8.425711631774902,60.0
cbrC,195,22484.7743,4.44960651397705,39.48717948717949
yieK,240,26278.8538,5.600255012512206,47.91666666666667
yieL,389,42754.2695,5.91196002960205,50.6426735218509
bglH,538,60656.4241,5.222559928894042,42.00743494423792
bglB,470,53160.6585,5.467820167541503,47.23404255319149
bglF,625,66482.1531,5.717400169372559,56.00000000000001
bglG,278,32096.7677,6.402139472961426,46.043165467625904
phoU,241,27417.1901,5.1362215042114245,42.738589211618255
pstB,257,29026.956599999998,6.125504112243651,45.13618677042802
pstA,296,32321.410899999995,9.941040992736816,60.810810810810814
pstC,319,34120.597299999994,5.8945104598999025,64.89028213166145
pstS,346,37023.429,8.386063575744632,46.53179190751445
glmS,609,66893.53169999999,5.56274127960205,46.79802955665024
glmU,456,49189.4964,6.086910438537596,44.29824561403509
atpC,139,15068.094299999999,5.455258750915527,47.482014388489205
atpD,460,50324.8256,4.902101707458496,46.73913043478261
atpG,287,31577.073599999996,8.838953971862793,46.34146341463415
atpA,513,55221.4083,5.796406364440918,47.368421052631575
atpH,177,19332.013,4.944730949401855,50.282485875706215
atpF,156,17231.682699999998,6.018760490417479,50.0
atpE,79,8256.0356,4.436874580383301,70.88607594936708
atpB,271,30302.8738,6.361783790588378,62.36162361623616
atpI,126,13631.5484,11.603680610656738,69.84126984126983
rsmG,207,23398.7629,6.072700691223144,49.75845410628019
mnmG,629,69520.4379,6.195416069030761,46.42289348171701
mioC,147,15807.456,4.3023366928100595,44.89795918367347
asnC,152,16887.473599999998,6.286358451843263,48.68421052631579
asnA,330,36650.101,5.452644157409667,44.84848484848485
viaA,483,55906.6952,6.086683082580565,46.58385093167702
ravA,498,56388.081699999995,6.059002494812011,46.98795180722892
kup,622,69293.29089999999,9.106175422668457,58.038585209003216
rbsD,139,15292.332499999999,5.929239082336425,41.726618705035975
rbsA,501,55040.9799,5.837216758728027,45.10978043912176
rbsC,321,33451.4119,9.810943794250488,58.56697819314641
rbsB,296,30950.103299999995,6.849234962463378,48.310810810810814
rbsK,309,32290.108599999996,4.986621284484862,49.19093851132686
rbsR,330,36593.4638,5.328678321838378,46.666666666666664
hsrA,475,51461.042499999996,10.394060325622558,58.526315789473685
yieP,230,26075.7595,5.753095054626464,50.0
hdfR,279,31713.7344,7.239320945739748,45.16129032258064
maoP,112,13133.4172,6.101915931701659,35.714285714285715
yifB,506,55145.67199999999,7.277346229553221,46.837944664031625
ilvL,32,3231.0567,10.859908866882325,68.75
ilvX,16,1910.1408000000001,10.859908866882325,25.0
ilvM,87,9703.0554,8.93900890350342,45.97701149425287
ilvE,309,34093.2439,5.539892005920408,46.92556634304207
ilvD,616,65530.87409999999,5.586897850036621,44.48051948051948
ilvA,514,56194.5798,5.571153450012206,49.221789883268485
ilvY,297,33171.9324,6.396114540100098,49.158249158249156
ilvC,491,54068.4274,5.2037462234497065,46.84317718940937
ppiC,93,10231.8995,9.230534934997557,47.31182795698925
rep,673,77023.2946,6.76892147064209,44.42793462109955
gpp,494,54870.5027,5.946177101135253,47.77327935222672
rhlB,421,47125.3502,7.289850807189941,46.080760095011875
trxA,109,11806.481899999999,4.6739500045776365,49.54128440366973
rhoL,33,3750.1657999999998,10.793957710266113,30.303030303030305
rho,419,47003.666099999995,6.750562477111817,44.868735083532215
wecA,367,40924.6897,10.014277076721193,60.49046321525886
wzzE,348,39488.6547,6.247366905212403,49.42528735632184
wecB,376,42212.028,5.924919319152831,48.138297872340424
wecC,420,45838.205,5.223071479797362,50.476190476190474
rffG,355,39753.3569,5.627765083312987,46.76056338028169
rffH,293,32733.990799999996,5.316628456115722,47.098976109215016
rffC,224,24188.0062,6.7972841262817365,52.23214285714286
wecE,376,41900.5557,5.758892631530761,48.93617021276596
wzxE,416,44959.082299999995,9.873413658142091,62.5
wecF,359,40639.0922,7.150481605529785,48.74651810584958
wzyE,450,51516.619199999994,9.66911334991455,62.22222222222222
rffM,246,27927.8424,9.562289237976074,47.5609756097561
thrP,461,50398.4522,9.496338081359863,62.25596529284165
aslB,411,46512.655,6.484101295471191,47.688564476885645
aslA,551,60716.8859,5.934695625305175,46.27949183303085
hemY,398,45244.477,8.524670600891113,48.24120603015075
hemX,393,42962.491799999996,4.675768852233887,44.274809160305345
hemD,246,27797.6068,5.984770774841309,49.1869918699187
hemC,313,33851.4377,5.311626625061035,48.242811501597444
cyaA,848,97566.7948,5.816186332702637,46.58018867924528
cyaY,106,12231.2657,4.240666389465332,36.79245283018868
yzcX,161,17341.810999999998,7.617698097229005,50.31055900621118
lptM,67,7177.1293000000005,8.889303779602052,46.26865671641791
dapF,274,30208.231200000002,5.8555757522583,47.81021897810219
yigA,235,26728.4657,6.058888816833496,50.638297872340424
xerC,298,33867.3433,9.40150508880615,44.966442953020135
yigB,238,27121.509299999998,5.985396003723144,47.89915966386555
uvrD,720,81988.9427,5.857224082946778,44.166666666666664
yigE,254,27907.9954,8.953836631774902,51.181102362204726
ysgD,18,2122.38,8.745345878601075,44.44444444444444
corA,316,36589.265,4.635754203796386,49.36708860759494
yigF,126,14549.0132,9.607481575012208,57.936507936507944
yigG,126,14408.029199999999,8.90587215423584,57.936507936507944
rarD,296,33282.6683,9.587431907653805,64.52702702702703
yigI,155,17162.587699999996,6.423283576965332,49.03225806451613
pldA,289,33162.7137,5.154409980773924,47.75086505190311
recQ,609,68330.6887,6.96120777130127,46.4696223316913
rhtC,206,22473.8321,10.012536430358885,60.679611650485434
rhtB,206,22426.493,10.620344352722167,59.70873786407766
pldB,340,38977.7818,7.305822563171388,48.23529411764706
yigL,266,29707.394200000002,5.228414344787596,46.2406015037594
bioP,299,33694.483,9.645002174377442,61.20401337792642
metR,317,35628.587900000006,8.2972261428833,49.21135646687697
metE,753,84672.4709,5.609406089782715,48.33997343957503
ysgA,271,29424.847199999997,5.568993568420409,50.55350553505535
udp,253,27158.7802,5.812889671325684,46.6403162055336
rmuC,475,54731.73989999999,5.27274875640869,42.31578947368421
ubiE,251,28072.889199999998,7.771333885192871,46.613545816733065
ubiJ,201,22152.322099999998,5.823291206359863,51.741293532338304
ubiB,546,63201.966100000005,9.002252388000489,52.38095238095239
tatA,89,9663.8612,5.729450035095215,38.20224719101123
tatB,171,18388.5728,5.133891105651855,47.368421052631575
tatC,258,28875.9493,5.285082817077636,62.4031007751938
tatD,260,28973.621199999998,5.175440406799315,48.07692307692308
rfaH,162,18340.0154,8.550457954406738,49.382716049382715
ubiD,497,55603.0895,5.309523582458495,49.094567404426556
fre,233,26241.686799999996,5.291050910949706,48.497854077253216
fadA,387,40875.802899999995,6.3113676071167,50.129198966408275
fadB,729,79592.9534,5.837557792663574,50.48010973936899
pepQ,443,50175.559799999995,5.602358055114746,50.56433408577878
yigZ,204,21756.6283,5.38580150604248,49.01960784313725
trkH,483,52959.081300000005,9.188823890686034,58.59213250517599
hemG,181,21193.981499999998,9.678074455261232,45.85635359116022
mobB,175,19363.153000000002,5.336522102355956,48.57142857142857
mobA,194,21610.5562,5.8864961624145495,50.0
yihD,89,10272.7863,5.1790781021118155,46.06741573033708
srkA,328,38119.845499999996,4.993100929260252,50.609756097560975
dsbA,208,23104.2622,5.94572238922119,49.519230769230774
yihF,476,52636.235,5.3966577529907225,45.168067226890756
yihG,310,36288.5833,9.663826942443851,50.645161290322584
polA,928,103116.8622,5.39540729522705,48.814655172413794
spfP,15,1725.0576999999998,5.060625648498534,66.66666666666666
yihA,210,23542.569499999998,7.054537391662596,43.333333333333336
yihI,169,19059.0027,6.369513893127441,30.17751479289941
hemN,457,52728.41249999999,5.700405311584473,46.17067833698031
yshB,36,3618.2032,4.352013969421387,58.333333333333336
glnG,469,52254.108499999995,6.045133781433106,46.908315565031984
glnL,349,38555.6412,5.398192405700684,47.56446991404012
glnA,469,51903.1659,5.26365451812744,47.33475479744136
bipA,607,67322.5903,5.1603212356567365,43.163097199341024
yihL,236,26938.4478,6.469436836242674,44.91525423728814
yihM,326,36941.3869,5.119340324401855,46.012269938650306
yihN,421,46334.7463,9.195979881286618,58.90736342042755
ompL,230,27199.938199999997,5.804704856872559,43.47826086956522
yihO,467,51573.5775,8.90097255706787,57.17344753747323
yihP,461,50981.5014,9.173673820495605,56.399132321041215
yihQ,678,77274.0604,5.060966682434081,45.87020648967551
yihR,308,34009.523,6.0736101150512685,49.35064935064935
yihS,413,47432.0598,5.7137056350708,48.6682808716707
yihT,292,31982.6902,5.7395105361938485,51.369863013698634
yihU,298,31157.8234,5.857508277893066,52.68456375838926
yihV,298,31727.293899999997,4.912787437438964,46.644295302013425
csqR,261,28506.974100000003,5.601448631286621,47.12643678160919
yihX,199,22731.5213,5.175781440734862,48.743718592964825
yihY,290,32838.4796,8.999673652648926,62.06896551724138
dtd,145,15949.8809,4.776146507263183,44.13793103448276
fabY,329,37093.8883,5.921565818786621,45.8966565349544
yiiE,72,8407.636299999998,9.912030220031735,37.5
yiiF,72,8442.3839,4.559703636169434,40.27777777777778
fdhE,309,34746.335900000005,5.033115577697754,48.54368932038835
fdoI,211,24606.0591,10.209616279602049,61.137440758293835
fdoH,300,33100.0478,5.1662324905395485,42.333333333333336
fdoG,195,21368.0915,8.928307151794435,43.58974358974359
fdhD,277,30527.599599999998,6.017396354675292,44.04332129963899
yiiG,351,39293.8677,5.005264472961425,46.438746438746435
frvR,582,65998.92330000001,5.9705610275268555,48.45360824742268
frvX,356,38732.9807,5.573142814636229,45.50561797752809
frvB,483,51119.8343,8.763848304748535,59.62732919254658
frvA,148,16093.322799999998,6.490410423278808,43.24324324324324
rhaM,104,12264.7587,5.2583116531372065,51.92307692307693
rhaD,274,30145.137600000002,5.543472862243651,48.175182481751825
rhaA,419,47198.8751,5.478278541564941,46.77804295942721
rhaB,489,54068.4265,5.023452949523925,45.194274028629856
rhaS,278,32314.927700000004,6.166655540466309,42.44604316546763
rhaR,282,32340.197200000002,6.22559757232666,43.97163120567376
rhaT,344,37319.374299999996,9.550040245056149,60.46511627906976
sodA,206,23096.799899999998,6.444314002990722,48.05825242718447
kdgT,327,33668.8736,9.097536659240724,59.9388379204893
yiiM,224,25342.4202,5.7087606430053714,47.32142857142857
cpxA,457,51623.6223,5.614805793762207,47.921225382932164
cpxR,232,26311.7987,5.392679023742676,43.96551724137931
cpxP,166,18965.0533,6.379347038269043,37.95180722891566
fieF,300,32926.8736,6.117774009704589,54.333333333333336
pfkA,320,34841.6643,5.470150566101075,45.9375
sbp,329,36658.8275,6.624152565002441,45.2887537993921
cdh,251,28450.435499999996,8.679717063903809,47.410358565737056
tpiA,255,26971.5025,5.637143516540527,49.80392156862745
yiiQ,199,21762.687,9.00076961517334,45.7286432160804
yiiR,146,16541.440300000002,9.858843803405762,56.849315068493155
yiiS,99,10776.110999999999,4.549245262145996,42.42424242424242
uspD,142,16292.849600000001,6.367751884460449,47.88732394366197
fpr,248,27750.610099999998,6.174385643005371,47.983870967741936
glpX,336,35851.924499999994,5.325097465515137,47.32142857142857
glpK,502,56230.1095,5.3648279190063475,45.0199203187251
glpF,281,29779.630899999996,6.184900856018066,58.718861209964416
zapB,81,9634.702299999999,4.6895238876342775,34.5679012345679
rraA,161,17360.1521,4.071399879455567,45.962732919254655
menA,308,33593.5731,9.180700874328615,58.44155844155844
hslU,443,49593.2273,5.23898639678955,44.46952595936794
hslV,176,19060.552799999998,5.969367408752441,47.159090909090914
ftsN,319,35760.739299999994,10.169903755187985,38.557993730407524
cytR,341,37787.3228,6.025353813171387,48.09384164222874
priA,732,81653.9012,9.051570701599118,48.90710382513661
rpmE,70,7870.9886,9.46100940704346,32.857142857142854
yiiX,202,23139.3499,9.559646034240721,47.02970297029702
metJ,105,12140.612799999999,5.3979082107543945,41.904761904761905
metB,386,41549.8972,6.010461997985838,47.92746113989637
metL,810,88886.5957,5.342831230163574,46.913580246913575
metF,296,33102.3431,6.003584480285644,47.2972972972973
katG,726,80022.7992,5.138608741760252,46.41873278236915
yijE,301,32865.1507,10.140699577331542,64.45182724252491
yijF,205,22954.7469,8.96660137176514,46.34146341463415
gldA,367,38711.74709999999,4.81337604522705,51.49863760217984
fsaB,220,23554.9463,5.042607688903809,52.27272727272727
ptsA,833,91772.58439999999,5.2726350784301745,46.93877551020408
frwC,359,37085.92049999999,6.881348991394043,59.610027855153206
frwB,106,11247.841,5.3418081283569325,49.056603773584904
pflD,765,85958.73319999999,5.618443489074706,45.751633986928105
pflC,292,32429.311899999997,8.029231071472168,46.23287671232877
frwD,113,12636.5108,5.610599708557129,50.442477876106196
yijO,283,32148.9937,8.341451454162598,46.28975265017668
eptC,577,66609.0241,6.877711296081543,50.08665511265165
ppc,883,99061.4335,5.516815376281736,47.56511891279728
argE,383,42346.845100000006,5.5377321243286115,47.51958224543081
argC,334,35951.6921,5.58195285797119,51.796407185628745
argB,258,27159.2235,5.383812141418457,50.3875968992248
argH,457,50317.6366,5.108427238464355,46.389496717724285
oxyR,305,34275.5646,5.959477424621583,50.1639344262295
sthA,466,51559.803199999995,6.083556938171386,44.4206008583691
fabR,234,26553.0172,8.918701362609863,47.008547008547005
yijD,119,13023.354899999998,9.442378044128418,60.50420168067227
trmA,366,41966.4755,5.706657600402832,47.26775956284153
btuB,614,68406.2387,5.226027107238767,41.36807817589577
murI,285,31001.5805,5.241600990295409,54.385964912280706
murB,342,37850.56909999999,5.778899955749511,46.783625730994146
birA,321,35311.5637,7.761557579040528,48.598130841121495
coaA,316,36359.3127,6.324724769592286,48.41772151898734
tufB,394,43313.065599999994,5.297019004821778,44.923857868020306
secE,127,13643.2425,10.553619575500488,60.629921259842526
nusG,181,20531.274999999998,6.339105033874512,45.85635359116022
rplK,142,14875.214800000002,9.640618324279785,49.29577464788733
rplA,234,24729.3419,9.644228553771974,47.43589743589743
rplJ,165,17711.386,9.03783893585205,53.333333333333336
rplL,121,12295.0526,4.602503395080566,54.54545454545454
rpoB,1342,150630.5506,5.147987174987792,43.44262295081967
rpoC,1407,155126.3683,6.685936546325684,45.06041222459133
yjaZ,179,21130.7929,9.29990291595459,43.575418994413404
thiH,377,43319.6251,6.569928169250488,45.62334217506631
thiG,256,26895.7856,5.358234596252441,54.296875
thiS,66,7311.2128,4.373328590393067,48.484848484848484
thiF,251,26969.489899999997,4.692365837097167,45.81673306772908
thiE,211,23014.9878,5.539209938049315,54.02843601895735
thiC,631,70849.5592,5.698245429992675,44.849445324881145
rsd,158,18242.6201,5.649761772155761,48.10126582278481
nudC,257,29688.6063,5.517554283142089,48.249027237354085
hemE,354,39247.675599999995,5.882290077209471,50.0
nfi,223,24672.2982,8.426227378845216,53.36322869955157
yjaG,196,22612.4048,4.445684623718263,45.40816326530612
hupA,90,9534.8632,9.572410774230956,44.44444444444444
yjaH,231,26285.0771,6.487113761901855,41.125541125541126
zraP,141,15199.235,9.166259956359863,45.39007092198582
zraS,465,51031.18089999999,8.7793851852417,48.60215053763441
zraR,441,48393.965,5.4255887985229485,48.52607709750567
purD,429,45939.8369,4.9566671371459945,48.25174825174825
purH,529,57328.5567,5.526023292541503,47.25897920604915
yjaA,127,14446.643000000002,9.153753089904786,49.60629921259843
yjaB,147,16446.5008,4.848161506652831,48.29931972789115
metA,309,35726.83989999999,5.056078529357909,49.19093851132686
aceB,533,60272.853599999995,5.385858345031737,47.091932457786115
aceA,434,47520.9986,5.161344337463377,47.465437788018434
aceK,578,67697.7604,6.051101875305175,49.48096885813148
arpA,728,82597.2784,8.440217018127445,46.15384615384615
iclR,274,29738.9527,7.855424308776856,47.08029197080292
metH,1227,135963.3666,4.970308494567871,47.26976365118175
yjbB,543,59434.2187,7.811908149719238,54.14364640883977
pepE,229,24569.952899999997,5.670962715148925,51.09170305676856
rluF,290,32476.170599999998,9.684392356872557,39.6551724137931
yjbD,90,10531.9469,10.181121253967284,35.55555555555556
lysC,449,48531.1434,5.024987602233887,49.44320712694877
pgi,549,61529.003699999994,5.853472709655762,45.90163934426229
yjbE,80,7386.000499999999,5.8228364944458,43.75
yjbF,212,23722.4813,4.92694034576416,44.81132075471698
yjbG,245,26280.496300000003,6.741297721862794,50.204081632653065
yjbH,698,78489.76550000001,6.062526512145996,43.98280802292264
yjbT,92,10048.6275,9.512841987609864,48.91304347826087
psiE,136,15596.5694,8.582240867614747,61.029411764705884
xylE,491,53607.408200000005,8.353893852233888,57.23014256619145
malG,296,32225.0092,9.013598823547362,64.1891891891892
malF,514,57012.692500000005,8.477286338806152,54.474708171206224
malE,396,43387.0886,5.534321784973144,50.0
malK,371,40989.968,6.227586936950684,49.056603773584904
lamB,446,49911.6431,4.806725883483887,43.04932735426009
malM,306,31943.103900000002,7.719951438903809,49.34640522875817
ubiC,165,18776.686999999998,7.759852409362794,49.09090909090909
ubiA,290,32511.3528,9.07993679046631,63.44827586206897
plsB,807,91380.3649,8.512163734436037,49.93804213135068
dgkA,122,13244.525,6.053148078918457,59.83606557377049
lexA,202,22357.4459,6.228496360778809,45.54455445544555
dinF,459,49645.8083,9.771811485290524,62.091503267973856
yjbJ,69,8325.1515,5.440992164611816,30.434782608695656
zur,171,19253.9843,5.9737440109252935,43.859649122807014
yjbL,84,9749.226400000001,9.810492515563965,42.857142857142854
yjbM,235,26672.581,4.478082847595215,42.5531914893617
dusA,345,38467.4906,6.115557289123534,45.79710144927536
pspG,80,9023.3081,10.21090564727783,76.25
qorA,327,35171.728599999995,8.350670433044435,47.40061162079511
dnaB,471,52389.4637,4.945810890197753,44.37367303609342
alr,359,39152.4927,6.567768287658691,49.02506963788301
tyrB,397,43505.2298,5.3189588546752935,52.141057934508815
yjbS,67,7888.0897,6.535370063781738,50.74626865671642
aphA,237,26103.2148,6.843210029602051,47.257383966244724
yjbQ,138,15655.6144,6.488534736633301,40.57971014492754
yjbR,118,13519.312399999999,6.0559900283813475,47.45762711864407
uvrA,940,103866.3078,6.191551017761231,43.723404255319146
ssb,178,18974.777299999998,5.441049003601075,38.764044943820224
yjcB,93,10303.203599999999,5.538357353210448,59.13978494623656
pdeC,528,60800.5704,8.540207481384279,51.515151515151516
soxS,107,12910.6731,9.884115409851074,44.85981308411215
soxR,154,17149.5189,9.179733848571779,40.25974025974026
ghxP,449,45710.936700000006,6.403446769714355,61.02449888641426
yjcE,549,60522.0415,5.68642292022705,59.19854280510018
yjcF,430,49377.809,6.699293708801269,42.7906976744186
actP,549,59196.4039,9.434835243225098,60.29143897996357
yjcH,104,11671.466699999999,6.718846321105957,54.807692307692314
acs,652,72092.7077,5.501241493225096,46.47239263803681
ytcB,18,2127.5287,6.685481834411622,50.0
nrfA,478,53702.3342,6.81439266204834,43.93305439330544
nrfB,188,20714.2866,6.810868644714356,39.361702127659576
nrfC,223,24567.2191,8.9237943649292,43.49775784753363
nrfD,318,35041.793699999995,9.87870006561279,64.77987421383648
nrfE,552,61261.81799999999,9.269087028503417,60.507246376811594
nrfF,127,14522.910600000001,8.986006355285646,54.330708661417326
nrfG,198,22784.0101,8.62453212738037,52.02020202020202
gltP,437,47158.5953,8.469034385681152,59.49656750572082
yjcO,229,25078.904499999997,4.765744972229004,46.724890829694324
fdhF,139,15309.463699999998,9.318856620788573,41.007194244604314
mdtP,488,53452.5197,6.847984504699707,49.18032786885246
mdtO,683,76149.92910000001,5.382732200622559,55.63689604685212
mdtN,343,36907.82659999999,6.784609031677246,51.60349854227405
ytcA,91,10256.4462,10.036583137512206,71.42857142857143
yjcS,661,73149.9401,6.508428382873535,47.20121028744327
alsK,309,33820.570999999996,6.546965217590333,49.19093851132686
alsE,231,26108.9052,5.344138526916503,50.649350649350644
alsC,326,34315.2451,9.096827507019043,58.895705521472394
alsA,510,56744.2576,7.123767280578614,44.11764705882353
alsB,311,32909.5082,6.452555656433105,49.51768488745981
alsR,296,32361.9121,6.092878532409666,50.0
rpiB,149,16073.1342,6.58209171295166,45.63758389261745
yjdP,109,13468.471099999999,4.770462608337403,31.19266055045872
phnP,252,27847.4709,5.898375511169434,48.01587301587302
phnO,144,16569.658,6.031662940979003,47.91666666666667
phnN,185,20729.3504,8.527829551696776,44.32432432432433
phnM,378,42009.9411,6.056217384338378,44.70899470899471
phnL,226,24705.1659,8.999995994567872,49.11504424778761
phnK,252,27830.5041,6.302102851867676,45.63492063492063
phnJ,281,31844.786,5.051360893249511,46.619217081850536
phnI,354,38852.317299999995,4.936205101013182,47.175141242937855
phnH,194,21027.0471,5.28161563873291,50.51546391752577
phnG,150,16539.4673,6.505074882507324,46.666666666666664
phnF,241,27621.0975,8.749213981628419,43.15352697095436
phnE1,206,22796.6262,9.096118354797362,61.165048543689316
phnD,338,37370.108,8.461169242858887,46.44970414201183
phnC,262,29430.256199999996,9.68432788848877,43.12977099236641
yjdN,147,16171.1477,5.037492179870605,48.29931972789115
yjdM,111,12344.9319,4.971502113342285,38.73873873873874
rdcA,742,84370.0477,5.544439125061035,46.76549865229111
rdcB,292,32880.365900000004,8.335391426086428,48.63013698630137
proP,500,54845.158899999995,6.763351249694825,57.8
pmrR,29,3465.0209999999997,8.188854789733888,62.06896551724138
basS,363,41028.7481,5.963854026794434,47.38292011019284
basR,222,25030.507899999997,5.663005256652832,47.2972972972973
eptA,547,61666.37270000001,6.363659477233886,49.90859232175503
adiC,445,46842.0701,9.116039085388184,61.573033707865164
adiY,253,29006.440599999998,8.526669120788572,45.45454545454545
adiA,755,84424.2842,5.123375892639159,46.49006622516556
melR,302,34927.49449999999,8.37587757110596,44.03973509933775
melA,451,50656.531299999995,5.520282554626463,48.33702882483371
melB,473,52635.770300000004,8.671851921081544,61.31078224101479
yjdF,209,23441.717399999998,8.962153053283693,58.3732057416268
fumB,548,60104.61080000001,5.879561805725097,45.43795620437956
dcuB,446,47934.6886,7.627531242370606,61.88340807174888
dcuR,239,27488.1116,5.895704078674316,46.02510460251046
dcuS,543,60549.928199999995,6.265782737731934,45.30386740331492
yjdI,76,8549.7998,8.748118019104005,42.10526315789473
yjdJ,90,10467.9319,7.865287971496582,38.88888888888889
ghoS,98,11467.8406,4.381740760803221,48.97959183673469
ghoT,57,6554.9725,9.69728603363037,70.17543859649122
lysU,505,57825.887800000004,5.103766441345214,45.54455445544555
dtpC,485,53054.0015,8.12825450897217,59.58762886597938
cadA,715,81259.1991,5.914006233215332,47.27272727272727
cadB,444,46664.5131,8.56638164520264,58.78378378378378
cadC,512,57812.2414,5.515792274475095,47.8515625
dicD,191,21898.7761,4.947572898864746,47.64397905759162
dsbD,565,61794.3441,6.750278282165529,55.575221238938056
cutA,112,12330.9419,4.851742362976074,49.107142857142854
dcuA,433,45750.16069999999,7.629406929016113,60.5080831408776
aspA,478,52355.5648,5.191355323791503,47.071129707112966
fxsA,158,17673.6935,8.247005271911618,54.43037974683544
yjeH,418,44777.029599999994,8.845594215393067,63.397129186602875
groS,97,10386.824299999998,5.1469640731811515,44.329896907216494
groL,548,57328.2246,4.845490074157714,46.8978102189781
yjeI,117,11958.310999999998,5.496921730041502,41.88034188034188
yjeJ,289,32946.5738,7.712960243225097,45.32871972318339
epmB,342,38749.1612,6.1183992385864245,48.83040935672515
efp,188,20591.058899999996,4.896929359436036,45.744680851063826
ecnA,41,4359.1473,10.044319343566894,46.34146341463415
ecnB,48,4809.4756,7.934333610534669,43.75
gdx,105,10900.1299,9.819840431213379,64.76190476190476
blc,177,19851.359,8.88401737213135,49.717514124293785
ampC,377,41555.062,8.807944679260256,50.663129973474796
frdD,119,13106.7709,9.03513126373291,66.38655462184873
frdC,131,15014.8535,9.742027091979981,64.8854961832061
frdB,244,27122.7968,6.071961784362792,46.72131147540984
frdA,602,65938.81529999999,5.865465736389159,43.18936877076412
epmA,325,36975.651000000005,5.076711082458496,48.0
yjeM,500,54724.393599999996,9.108238410949706,61.6
yjeN,104,11818.428,5.333111763000488,45.19230769230769
yjeO,104,12637.9835,6.107315635681151,63.46153846153846
mscM,1107,123934.0401,6.568279838562011,50.04516711833785
psd,322,35915.9324,5.512722969055174,50.31055900621118
rsgA,350,39174.7995,5.596105766296386,41.14285714285714
orn,181,20815.3785,4.962692070007324,46.408839779005525
yjeV,17,2056.257,5.823063850402832,47.05882352941176
queG,379,43072.4275,6.804957389831543,47.75725593667546
nnr,515,54649.664699999994,5.984941291809082,47.96116504854369
tsaE,153,16852.8806,4.48757495880127,50.326797385620914
amiB,445,47984.638399999996,9.314279365539551,45.1685393258427
mutL,615,67922.8979,6.309264564514161,49.59349593495935
miaA,316,35064.73,5.681648445129395,50.31645569620253
hfq,102,11166.2492,6.969676780700683,38.23529411764706
hflX,426,48308.46339999999,5.6869913101196286,44.835680751173705
hflK,419,45544.333099999996,6.188652229309082,40.81145584725537
hflC,334,37649.43089999999,6.299317741394043,45.209580838323355
yjeT,65,7165.7055,10.11536350250244,63.07692307692307
purA,432,47344.3824,5.315605354309082,44.907407407407405
nsrR,141,15560.834599999998,7.874506950378418,47.5177304964539
rnr,813,92108.1147,8.777386665344238,42.80442804428044
rlmB,243,26556.3377,6.174044609069824,47.73662551440329
yjfI,133,14934.8288,4.0500284194946286,48.87218045112782
yjfJ,232,25333.245600000002,5.697790718078613,39.6551724137931
yjfK,219,25008.6466,4.559248924255372,44.29223744292237
yjfL,132,14223.6663,6.80660572052002,64.39393939393939
yjfM,212,23351.480900000002,9.470292854309083,34.90566037735849
yjfC,387,45019.1377,4.645246315002441,47.286821705426355
aidB,541,60557.1826,8.012920570373538,48.059149722735675
yjfN,91,9949.0078,4.179337120056151,49.45054945054945
bsmA,109,12037.818500000001,9.459977912902833,51.37614678899083
yjfP,249,27588.0884,5.1889680862426735,51.00401606425703
ulaR,251,27601.577699999998,8.47812442779541,44.6215139442231
ulaG,354,40060.1996,5.79583797454834,46.32768361581921
ulaA,465,50736.947799999994,7.544205284118653,60.0
ulaB,101,10895.5026,6.251572990417481,44.554455445544555
ulaC,154,17237.3317,4.532307243347168,48.701298701298704
ulaD,216,23577.8052,5.023452949523925,50.46296296296296
ulaE,284,32006.275899999997,5.203120994567871,49.29577464788733
ulaF,228,25277.4424,6.162733650207519,47.80701754385965
yjfY,91,10149.2406,5.093137550354004,49.45054945054945
rpsF,131,15186.8692,5.25797061920166,43.51145038167939
priB,104,11442.0608,8.483926582336426,40.38461538461539
rpsR,75,8986.3204,10.5953950881958,42.66666666666667
rplI,149,15768.8567,6.165348243713378,49.664429530201346
yjfZ,264,29739.115100000003,6.231849861145019,45.45454545454545
ytfB,212,23505.2163,5.063069725036621,46.22641509433962
fklB,206,22215.9089,4.84895725250244,48.54368932038835
cycA,470,51659.0506,8.917540931701662,61.27659574468085
ytfE,220,24882.3617,5.232790946960448,47.72727272727273
ytfF,321,35208.06,9.138474082946779,64.797507788162
qorB,286,29733.129900000004,5.33333911895752,48.95104895104895
ytfH,126,14075.0096,5.9117326736450195,48.41269841269841
cpdB,647,70831.3216,5.449859046936035,48.37712519319938
cysQ,246,27175.541599999997,5.591274452209471,49.1869918699187
ytfI,312,35934.440299999995,6.135450935363769,43.269230769230774
ytfJ,184,20420.288,7.827896308898928,45.65217391304348
ytfK,68,8071.643499999999,10.136186790466308,51.470588235294116
paeA,447,49762.123100000004,4.765631294250488,51.67785234899329
msrA,212,23314.7748,4.988951683044433,49.056603773584904
tamA,577,64763.293600000005,8.734321784973144,43.154246100519934
tamB,1259,136778.1577,4.932453727722167,45.194598888006354
ytfP,113,12866.264,6.391453742980957,45.13274336283185
chpS,83,9271.4857,4.6899217605590815,45.78313253012048
chpB,116,12492.2573,5.508119010925292,50.86206896551724
ppa,176,19703.315300000002,5.026579093933106,51.13636363636363
ytfQ,318,34344.2546,6.675193977355957,46.540880503144656
ytfR,500,55259.353299999995,6.702704048156738,47.199999999999996
ytfT,341,35626.475900000005,10.19943027496338,61.29032258064516
yjfF,331,34945.1688,9.243622016906738,58.30815709969789
fbp,332,36833.4917,5.665051460266113,44.57831325301205
mpl,457,49873.55649999999,5.530911445617675,48.35886214442014
yjgA,183,21359.014900000002,5.299690437316894,40.43715846994536
tldE,450,48369.07399999999,5.401261711120605,43.55555555555555
nrdG,154,17445.7237,6.941541481018065,42.857142857142854
nrdD,712,80021.63100000001,6.376164054870605,43.11797752808989
treC,551,63836.9039,5.513064002990721,45.91651542649728
treB,473,51080.1455,9.139441108703615,58.350951374207185
treR,315,34530.3379,8.297677421569826,46.98412698412698
mgtL,17,2122.5391,11.539018821716308,52.94117647058824
mgtA,898,99465.3217,5.635154151916503,51.67037861915368
ridA,128,13611.4244,5.360735511779786,51.5625
pyrI,153,17120.434,6.8954450607299815,43.13725490196079
pyrB,311,34426.9462,6.116409873962401,48.87459807073955
pyrL,44,5098.0765,11.438899421691897,54.54545454545454
yjgH,131,14590.087700000002,4.584030723571778,48.854961832061065
bdcA,237,24597.8617,6.5162153244018555,51.0548523206751
bdcR,197,21501.2738,6.595846748352051,47.71573604060914
tabA,150,16865.1583,5.307704734802246,50.66666666666667
yjgL,604,69576.896,5.796747398376465,40.894039735099334
argI,334,36906.697,5.458669090270996,45.808383233532936
rraB,138,15602.543899999999,4.0500284194946286,39.85507246376812
yjgM,167,18622.219800000003,5.225004005432127,49.700598802395206
yjgN,398,44899.0573,8.849526786804201,58.79396984924623
valS,951,108191.0891,5.198914909362792,46.267087276551
holC,147,16632.567300000002,5.905537223815918,47.61904761904761
pepA,503,54879.205,6.815415763854981,44.731610337972164
ytgB,18,2257.6823,11.711342811584473,44.44444444444444
ytgA,16,1745.0232,6.0014245986938475,43.75
lptF,366,40325.1074,9.096891975402833,56.01092896174863
lptG,360,39618.1492,9.480285453796387,54.44444444444444
yjgR,500,54331.631799999996,5.914745140075683,47.0
idnR,332,37566.8027,6.211501502990722,46.08433734939759
idnT,439,46040.7278,6.494275474548339,62.64236902050114
idnO,254,27562.3903,5.904741477966309,49.21259842519685
idnD,343,37146.2152,5.88547306060791,46.06413994169096
idnK,187,21003.750200000002,6.524286460876465,42.780748663101605
ahr,339,36501.44,5.85739459991455,48.08259587020649
insC6,121,13451.4657,9.518515205383299,47.107438016528924
insD6,301,34365.6654,9.212354850769042,42.19269102990033
yjgZ,109,12142.687699999999,8.818581962585451,44.95412844036697
insG,442,50385.238099999995,9.721977424621581,46.83257918552036
nanX,405,44102.9656,9.331943702697757,59.25925925925925
nanY,372,41384.0578,6.102029609680174,43.01075268817204
ythA,41,4778.8894,9.187856864929199,68.29268292682927
insO,88,10344.036900000001,10.185118293762208,40.909090909090914
insI3,383,44280.3793,10.874801063537596,37.85900783289817
fecE,255,28190.359099999998,8.429579734802246,46.27450980392157
fecD,318,34131.10309999999,9.953612327575684,65.72327044025157
fecC,332,34892.3028,9.649901771545409,62.65060240963856
fecB,300,33145.936,8.83154010772705,52.666666666666664
fecA,774,85320.54089999999,5.589796638488769,42.764857881136955
fecR,317,35531.6016,9.034679985046388,43.217665615141954
fecI,173,19480.1867,5.821074485778809,45.664739884393065
ykiE,22,2720.1762,6.681332588195801,54.54545454545454
insA7,91,9892.3674,10.651675987243653,36.26373626373626
yjhU,328,36079.1123,6.352689552307129,46.646341463414636
yjhF,449,47003.2323,8.59184665679932,60.13363028953229
yjhG,655,70016.057,5.818403053283691,46.10687022900763
yjhH,301,32721.262,5.276215934753417,51.162790697674424
yjhI,262,29876.291299999997,8.874991798400881,45.038167938931295
sgcR,260,29267.382799999996,6.243842887878418,45.38461538461539
sgcE,210,23214.193,5.861941719055174,51.42857142857142
sgcA,143,15637.5806,5.180555915832519,52.44755244755245
sgcQ,268,29354.3867,5.526648521423339,48.88059701492538
sgcC,437,46683.799699999996,9.006700706481933,61.556064073226544
sgcB,92,9803.3389,5.586158943176269,42.391304347826086
sgcX,373,40614.232,5.3112287521362305,47.72117962466488
yjhP,248,27353.7049,4.9004533767700185,47.983870967741936
yjhQ,181,19956.687599999997,5.893942070007324,48.06629834254144
topAI,85,9734.179399999999,10.345773506164548,35.294117647058826
ythB,32,3574.2304999999997,11.008572959899901,46.875
nanS,326,36877.5398,6.024046516418457,44.47852760736196
nanM,368,39571.721699999995,7.099042320251464,43.75
nanC,238,27887.6746,8.422423744201662,42.016806722689076
fimB,200,22993.2239,10.14637279510498,42.0
fimE,198,23083.9328,9.846014595031736,40.4040404040404
fimA,182,18110.9793,5.095013236999511,47.25274725274725
fimI,179,19372.9993,9.509296226501466,47.486033519553075
fimC,241,26656.536,9.359922981262208,48.96265560165975
fimD,878,96481.208,6.636202430725098,42.710706150341686
fimF,176,18715.1077,6.809333992004395,51.13636363636363
fimG,167,17317.1532,5.476857566833496,44.31137724550898
fimH,300,31473.0891,7.58768711090088,49.0
gntP,447,47137.3867,6.699975776672363,64.65324384787472
uxuA,394,44837.495599999995,5.393758964538574,46.7005076142132
uxuB,486,53579.589,5.300372505187987,48.76543209876543
uxuR,257,29307.8937,5.007935905456542,47.081712062256805
yjiC,276,30592.5272,5.82493953704834,46.3768115942029
ytiC,33,3948.7565000000004,8.188725852966307,63.63636363636363
ytiD,47,5511.0648,4.641665458679199,48.93617021276596
idlP,27,3016.3086999999996,7.814744758605957,33.33333333333333
iraD,130,14746.709099999998,6.023250770568848,46.92307692307692
hypT,303,34710.3025,5.633733177185058,47.85478547854785
iadA,390,41083.4361,5.0813718795776355,47.43589743589743
yjiG,153,16193.2641,6.804104804992675,60.78431372549019
yjiH,227,23793.1377,5.155546760559081,52.863436123348016
kptA,184,20529.3047,9.365983009338382,45.108695652173914
yjiJ,392,41360.09849999999,9.443602943420409,61.47959183673469
yjiK,286,31923.798100000004,6.003584480285644,43.35664335664335
ytiA,85,9556.0651,7.64611759185791,47.05882352941176
yjiL,255,27222.8589,6.238613700866699,46.666666666666664
yjiM,383,42742.4044,5.038174247741699,46.47519582245431
yjiN,426,48241.2556,9.073232078552245,50.23474178403756
mdtM,410,44686.965299999996,10.120520973205565,62.68292682926829
ytiE,11,1360.6435,8.192465019226074,54.54545454545454
yjiR,470,53046.0967,8.517836952209475,49.361702127659576
yjiS,54,6708.681500000001,11.11107769012451,40.74074074074074
yjiT,505,56695.5899,6.013701820373535,43.56435643564357
mcrC,348,40557.1344,9.07091121673584,44.54022988505747
mcrB,459,53156.6417,5.452700996398924,45.09803921568628
mcrB,459,53156.6417,5.452700996398924,45.09803921568628
symE,113,12202.878700000001,8.639553260803225,48.67256637168141
hsdS,464,51394.6164,9.598456001281736,44.396551724137936
hsdM,529,59305.811700000006,5.056078529357909,41.209829867674856
hsdR,1170,134093.266,5.660163307189941,43.504273504273506
mrr,304,33519.5012,5.6807958602905275,45.06578947368421
yjiA,318,35659.273400000005,4.771599388122559,46.22641509433962
yjiX,67,7728.7196,8.599582862854007,40.298507462686565
btsT,716,77322.9357,8.852750205993651,60.754189944134076
tsr,551,59442.29749999999,4.884822654724121,46.27949183303085
lgoT,453,49407.8874,9.341356086730958,56.95364238410596
lgoR,304,35396.7304,6.594994163513184,43.09210526315789
lgoD,340,36447.462700000004,6.003527641296387,48.23529411764706
opgB,763,85474.9661,6.108509254455566,46.395806028833555
yjjA,164,17352.4594,5.648511314392089,39.63414634146341
dnaC,245,27934.8076,9.094957923889162,40.816326530612244
dnaT,179,19454.8684,5.144690513610839,54.7486033519553
yjjB,157,17046.3691,10.119940757751461,63.05732484076433
yjjP,256,28000.5819,8.868093681335449,50.78125
yjjQ,241,27031.7797,7.721883964538574,46.058091286307054
bglJ,225,25621.3041,9.50684642791748,43.55555555555555
fhuF,262,30112.407999999996,6.055819511413574,50.0
yjjZ,78,8696.6456,9.100695610046387,62.82051282051282
rsmC,343,37624.277299999994,5.998810005187988,47.23032069970846
holD,137,15174.1699,5.51312084197998,50.36496350364964
rimI,148,16609.5419,4.876069450378417,50.0
yjjG,225,25300.306899999996,4.7837629318237305,47.11111111111111
prfC,529,59573.395699999994,5.6545930862426745,44.234404536862
osmY,201,21073.458799999997,6.315232658386231,38.80597014925373
ytjA,53,5535.830999999999,11.999967765808105,71.69811320754717
yjjU,357,39799.310900000004,8.716141700744629,50.98039215686274
yjjV,259,28890.7061,6.155628776550292,49.034749034749034
yjjW,287,31490.2178,6.30017032623291,46.68989547038328
yjjI,516,58019.345400000006,5.7222883224487315,47.86821705426357
deoC,259,27733.4812,5.4964101791381825,48.64864864864865
deoA,440,47188.5628,5.215057182312011,48.86363636363637
deoB,407,44369.437900000004,5.105698966979979,43.73464373464373
deoD,239,25949.6409,5.41802921295166,48.11715481171548
hipH,443,49756.0069,5.977211189270019,48.306997742663654
lplA,338,37925.4348,5.70773754119873,44.37869822485207
ytjB,214,24082.4416,8.731485176086426,44.85981308411215
serB,322,35042.292199999996,5.491522026062011,50.931677018633536
radA,460,49439.500499999995,6.8673097610473635,47.391304347826086
nadR,410,47345.2579,5.423315238952636,45.85365853658537
ettA,555,62410.0409,5.4317842483520495,43.24324324324324
slt,645,73320.2321,8.849655723571779,47.44186046511628
trpR,108,12355.0113,5.41643772125244,46.2962962962963
yjjX,170,18212.4307,5.726608085632326,49.411764705882355
ytjC,215,24064.9577,5.454576683044433,40.46511627906977
rob,289,33144.4937,6.664508247375489,47.75086505190311
creA,157,17107.6865,9.036807441711428,48.40764331210191
creB,229,26124.9447,6.123173713684081,49.78165938864629
creC,474,52175.523799999995,9.13821620941162,51.0548523206751
creD,450,49829.206999999995,5.477596473693848,52.22222222222223
arcA,238,27291.6976,5.212442588806151,41.596638655462186
yjjY,46,4885.7402999999995,7.953738594055175,52.17391304347826
ytjE,17,2130.5939,9.9971284866333,52.94117647058824
yjtD,228,25258.7499,5.577064704895019,51.31578947368421
